path,label,filename,signer,take,frames,fps,seconds,width,height,readable,clip_id
/Volumes/MacX/Sw/raw_videos/baba/Britney_001.mp4,baba,Britney_001.mp4,Britney,1,18,30.0,0.6,1920,1080,True,baba__Britney_001
/Volumes/MacX/Sw/raw_videos/baba/Britney_002.mp4,baba,Britney_002.mp4,Britney,2,26,30.0,0.867,1920,1080,True,baba__Britney_002
/Volumes/MacX/Sw/raw_videos/baba/Britney_003.mp4,baba,Britney_003.mp4,Britney,3,41,30.0,1.367,1920,1080,True,baba__Britney_003
/Volumes/MacX/Sw/raw_videos/baba/Britney_004.mp4,baba,Britney_004.mp4,Britney,4,19,30.0,0.633,1920,1080,True,baba__Britney_004
/Volumes/MacX/Sw/raw_videos/baba/Britney_005.mp4,baba,Britney_005.mp4,Britney,5,24,30.0,0.8,1920,1080,True,baba__Britney_005
/Volumes/MacX/Sw/raw_videos/baba/Britney_006.mp4,baba,Britney_006.mp4,Britney,6,20,30.0,0.667,1920,1080,True,baba__Britney_006
/Volumes/MacX/Sw/raw_videos/baba/Britney_007.mp4,baba,Britney_007.mp4,Britney,7,22,30.0,0.733,1920,1080,True,baba__Britney_007
/Volumes/MacX/Sw/raw_videos/baba/Britney_008.mp4,baba,Britney_008.mp4,Britney,8,36,30.0,1.2,1920,1080,True,baba__Britney_008
/Volumes/MacX/Sw/raw_videos/baba/Britney_009.mp4,baba,Britney_009.mp4,Britney,9,23,30.0,0.767,1920,1080,True,baba__Britney_009
/Volumes/MacX/Sw/raw_videos/baba/Britney_010.mp4,baba,Britney_010.mp4,Britney,10,21,30.0,0.7,1920,1080,True,baba__Britney_010
/Volumes/MacX/Sw/raw_videos/baba/Britney_011.mp4,baba,Britney_011.mp4,Britney,11,25,30.0,0.833,1920,1080,True,baba__Britney_011
/Volumes/MacX/Sw/raw_videos/baba/Britney_012.mp4,baba,Britney_012.mp4,Britney,12,29,30.0,0.967,1920,1080,True,baba__Britney_012
/Volumes/MacX/Sw/raw_videos/baba/Britney_013.mp4,baba,Britney_013.mp4,Britney,13,22,30.0,0.733,1920,1080,True,baba__Britney_013
/Volumes/MacX/Sw/raw_videos/baba/Britney_014.mp4,baba,Britney_014.mp4,Britney,14,18,30.0,0.6,1920,1080,True,baba__Britney_014
/Volumes/MacX/Sw/raw_videos/baba/Britney_015.mp4,baba,Britney_015.mp4,Britney,15,20,30.0,0.667,1920,1080,True,baba__Britney_015
/Volumes/MacX/Sw/raw_videos/baba/Britney_016.mp4,baba,Britney_016.mp4,Britney,16,21,30.0,0.7,1920,1080,True,baba__Britney_016
/Volumes/MacX/Sw/raw_videos/baba/Britney_017.mp4,baba,Britney_017.mp4,Britney,17,23,30.0,0.767,1920,1080,True,baba__Britney_017
/Volumes/MacX/Sw/raw_videos/baba/Britney_018.mp4,baba,Britney_018.mp4,Britney,18,21,30.0,0.7,1920,1080,True,baba__Britney_018
/Volumes/MacX/Sw/raw_videos/baba/Britney_019.mp4,baba,Britney_019.mp4,Britney,19,22,30.0,0.733,1920,1080,True,baba__Britney_019
/Volumes/MacX/Sw/raw_videos/baba/Britney_020.mp4,baba,Britney_020.mp4,Britney,20,24,30.0,0.8,1920,1080,True,baba__Britney_020
/Volumes/MacX/Sw/raw_videos/baba/Britney_021.mp4,baba,Britney_021.mp4,Britney,21,26,30.0,0.867,1920,1080,True,baba__Britney_021
/Volumes/MacX/Sw/raw_videos/baba/Britney_022.mp4,baba,Britney_022.mp4,Britney,22,21,30.0,0.7,1920,1080,True,baba__Britney_022
/Volumes/MacX/Sw/raw_videos/baba/Britney_023.mp4,baba,Britney_023.mp4,Britney,23,25,30.0,0.833,1920,1080,True,baba__Britney_023
/Volumes/MacX/Sw/raw_videos/baba/Britney_024.mp4,baba,Britney_024.mp4,Britney,24,19,30.0,0.633,1920,1080,True,baba__Britney_024
/Volumes/MacX/Sw/raw_videos/baba/Britney_025.mp4,baba,Britney_025.mp4,Britney,25,22,30.0,0.733,1920,1080,True,baba__Britney_025
/Volumes/MacX/Sw/raw_videos/baba/Britney_026.mp4,baba,Britney_026.mp4,Britney,26,26,30.0,0.867,1920,1080,True,baba__Britney_026
/Volumes/MacX/Sw/raw_videos/baba/Britney_027.mp4,baba,Britney_027.mp4,Britney,27,27,30.0,0.9,1920,1080,True,baba__Britney_027
/Volumes/MacX/Sw/raw_videos/baba/Britney_028.mp4,baba,Britney_028.mp4,Britney,28,21,30.0,0.7,1920,1080,True,baba__Britney_028
/Volumes/MacX/Sw/raw_videos/baba/Britney_029.mp4,baba,Britney_029.mp4,Britney,29,17,30.0,0.567,1920,1080,True,baba__Britney_029
/Volumes/MacX/Sw/raw_videos/baba/Britney_030.mp4,baba,Britney_030.mp4,Britney,30,24,30.0,0.8,1920,1080,True,baba__Britney_030
/Volumes/MacX/Sw/raw_videos/baba/Britney_031.mp4,baba,Britney_031.mp4,Britney,31,28,30.0,0.933,1920,1080,True,baba__Britney_031
/Volumes/MacX/Sw/raw_videos/baba/Britney_032.mp4,baba,Britney_032.mp4,Britney,32,25,30.0,0.833,1920,1080,True,baba__Britney_032
/Volumes/MacX/Sw/raw_videos/baba/Britney_033.mp4,baba,Britney_033.mp4,Britney,33,26,30.0,0.867,1920,1080,True,baba__Britney_033
/Volumes/MacX/Sw/raw_videos/baba/Britney_034.mp4,baba,Britney_034.mp4,Britney,34,28,30.0,0.933,1920,1080,True,baba__Britney_034
/Volumes/MacX/Sw/raw_videos/baba/Britney_035.mp4,baba,Britney_035.mp4,Britney,35,27,30.0,0.9,1920,1080,True,baba__Britney_035
/Volumes/MacX/Sw/raw_videos/baba/Britney_036.mp4,baba,Britney_036.mp4,Britney,36,38,30.0,1.267,1920,1080,True,baba__Britney_036
/Volumes/MacX/Sw/raw_videos/baba/Britney_037.mp4,baba,Britney_037.mp4,Britney,37,22,30.0,0.733,1920,1080,True,baba__Britney_037
/Volumes/MacX/Sw/raw_videos/baba/Britney_038.mp4,baba,Britney_038.mp4,Britney,38,23,30.0,0.767,1920,1080,True,baba__Britney_038
/Volumes/MacX/Sw/raw_videos/baba/Britney_039.mp4,baba,Britney_039.mp4,Britney,39,29,30.0,0.967,1920,1080,True,baba__Britney_039
/Volumes/MacX/Sw/raw_videos/baba/Britney_040.mp4,baba,Britney_040.mp4,Britney,40,21,30.0,0.7,1920,1080,True,baba__Britney_040
/Volumes/MacX/Sw/raw_videos/baba/Britney_041.mp4,baba,Britney_041.mp4,Britney,41,23,30.0,0.767,1920,1080,True,baba__Britney_041
/Volumes/MacX/Sw/raw_videos/baba/Britney_042.mp4,baba,Britney_042.mp4,Britney,42,16,30.0,0.533,1920,1080,True,baba__Britney_042
/Volumes/MacX/Sw/raw_videos/baba/Britney_043.mp4,baba,Britney_043.mp4,Britney,43,21,30.0,0.7,1920,1080,True,baba__Britney_043
/Volumes/MacX/Sw/raw_videos/baba/Britney_044.mp4,baba,Britney_044.mp4,Britney,44,18,30.0,0.6,1920,1080,True,baba__Britney_044
/Volumes/MacX/Sw/raw_videos/baba/Britney_045.mp4,baba,Britney_045.mp4,Britney,45,24,30.0,0.8,1920,1080,True,baba__Britney_045
/Volumes/MacX/Sw/raw_videos/baba/Britney_046.mp4,baba,Britney_046.mp4,Britney,46,35,30.0,1.167,1920,1080,True,baba__Britney_046
/Volumes/MacX/Sw/raw_videos/baba/Britney_047.mp4,baba,Britney_047.mp4,Britney,47,26,30.0,0.867,1920,1080,True,baba__Britney_047
/Volumes/MacX/Sw/raw_videos/baba/Britney_048.mp4,baba,Britney_048.mp4,Britney,48,25,30.0,0.833,1920,1080,True,baba__Britney_048
/Volumes/MacX/Sw/raw_videos/baba/Britney_049.mp4,baba,Britney_049.mp4,Britney,49,22,30.0,0.733,1920,1080,True,baba__Britney_049
/Volumes/MacX/Sw/raw_videos/baba/Britney_050.mp4,baba,Britney_050.mp4,Britney,50,22,30.0,0.733,1920,1080,True,baba__Britney_050
/Volumes/MacX/Sw/raw_videos/baba/Britney_051.mp4,baba,Britney_051.mp4,Britney,51,35,30.0,1.167,1920,1080,True,baba__Britney_051
/Volumes/MacX/Sw/raw_videos/baba/Britney_052.mp4,baba,Britney_052.mp4,Britney,52,17,30.0,0.567,1920,1080,True,baba__Britney_052
/Volumes/MacX/Sw/raw_videos/baba/Britney_053.mp4,baba,Britney_053.mp4,Britney,53,18,30.0,0.6,1920,1080,True,baba__Britney_053
/Volumes/MacX/Sw/raw_videos/baba/Britney_054.mp4,baba,Britney_054.mp4,Britney,54,16,30.0,0.533,1920,1080,True,baba__Britney_054
/Volumes/MacX/Sw/raw_videos/baba/Britney_055.mp4,baba,Britney_055.mp4,Britney,55,18,30.0,0.6,1920,1080,True,baba__Britney_055
/Volumes/MacX/Sw/raw_videos/baba/Britney_056.mp4,baba,Britney_056.mp4,Britney,56,20,30.0,0.667,1920,1080,True,baba__Britney_056
/Volumes/MacX/Sw/raw_videos/baba/Britney_057.mp4,baba,Britney_057.mp4,Britney,57,24,30.0,0.8,1920,1080,True,baba__Britney_057
/Volumes/MacX/Sw/raw_videos/baba/Britney_058.mp4,baba,Britney_058.mp4,Britney,58,25,30.0,0.833,1920,1080,True,baba__Britney_058
/Volumes/MacX/Sw/raw_videos/baba/Britney_059.mp4,baba,Britney_059.mp4,Britney,59,25,30.0,0.833,1920,1080,True,baba__Britney_059
/Volumes/MacX/Sw/raw_videos/baba/Britney_060.mp4,baba,Britney_060.mp4,Britney,60,25,30.0,0.833,1920,1080,True,baba__Britney_060
/Volumes/MacX/Sw/raw_videos/baba/Grace_001.mp4,baba,Grace_001.mp4,Grace,1,21,30.0,0.7,1920,1080,True,baba__Grace_001
/Volumes/MacX/Sw/raw_videos/baba/Grace_002.mp4,baba,Grace_002.mp4,Grace,2,23,30.0,0.767,1920,1080,True,baba__Grace_002
/Volumes/MacX/Sw/raw_videos/baba/Grace_003.mp4,baba,Grace_003.mp4,Grace,3,17,30.0,0.567,1920,1080,True,baba__Grace_003
/Volumes/MacX/Sw/raw_videos/baba/Grace_004.mp4,baba,Grace_004.mp4,Grace,4,22,30.0,0.733,1920,1080,True,baba__Grace_004
/Volumes/MacX/Sw/raw_videos/baba/Grace_005.mp4,baba,Grace_005.mp4,Grace,5,25,30.0,0.833,1920,1080,True,baba__Grace_005
/Volumes/MacX/Sw/raw_videos/baba/Grace_006.mp4,baba,Grace_006.mp4,Grace,6,25,30.0,0.833,1920,1080,True,baba__Grace_006
/Volumes/MacX/Sw/raw_videos/baba/Grace_007.mp4,baba,Grace_007.mp4,Grace,7,28,30.0,0.933,1920,1080,True,baba__Grace_007
/Volumes/MacX/Sw/raw_videos/baba/Grace_008.mp4,baba,Grace_008.mp4,Grace,8,19,30.0,0.633,1920,1080,True,baba__Grace_008
/Volumes/MacX/Sw/raw_videos/baba/Grace_009.mp4,baba,Grace_009.mp4,Grace,9,23,30.0,0.767,1920,1080,True,baba__Grace_009
/Volumes/MacX/Sw/raw_videos/baba/Grace_010.mp4,baba,Grace_010.mp4,Grace,10,16,30.0,0.533,1920,1080,True,baba__Grace_010
/Volumes/MacX/Sw/raw_videos/baba/Grace_011.mp4,baba,Grace_011.mp4,Grace,11,31,30.0,1.033,1920,1080,True,baba__Grace_011
/Volumes/MacX/Sw/raw_videos/baba/Grace_012.mp4,baba,Grace_012.mp4,Grace,12,23,30.0,0.767,1920,1080,True,baba__Grace_012
/Volumes/MacX/Sw/raw_videos/baba/Grace_014.mp4,baba,Grace_014.mp4,Grace,14,17,30.0,0.567,1920,1080,True,baba__Grace_014
/Volumes/MacX/Sw/raw_videos/baba/Grace_015.mp4,baba,Grace_015.mp4,Grace,15,22,30.0,0.733,1920,1080,True,baba__Grace_015
/Volumes/MacX/Sw/raw_videos/baba/Grace_016.mp4,baba,Grace_016.mp4,Grace,16,41,30.0,1.367,1920,1080,True,baba__Grace_016
/Volumes/MacX/Sw/raw_videos/baba/Grace_017.mp4,baba,Grace_017.mp4,Grace,17,35,30.0,1.167,1920,1080,True,baba__Grace_017
/Volumes/MacX/Sw/raw_videos/baba/Grace_018.mp4,baba,Grace_018.mp4,Grace,18,26,30.0,0.867,1920,1080,True,baba__Grace_018
/Volumes/MacX/Sw/raw_videos/baba/Grace_019.mp4,baba,Grace_019.mp4,Grace,19,23,30.0,0.767,1920,1080,True,baba__Grace_019
/Volumes/MacX/Sw/raw_videos/baba/Grace_020.mp4,baba,Grace_020.mp4,Grace,20,28,30.0,0.933,1920,1080,True,baba__Grace_020
/Volumes/MacX/Sw/raw_videos/baba/Grace_021.mp4,baba,Grace_021.mp4,Grace,21,21,30.0,0.7,1920,1080,True,baba__Grace_021
/Volumes/MacX/Sw/raw_videos/baba/Grace_022.mp4,baba,Grace_022.mp4,Grace,22,37,30.0,1.233,1920,1080,True,baba__Grace_022
/Volumes/MacX/Sw/raw_videos/baba/Grace_023.mp4,baba,Grace_023.mp4,Grace,23,29,30.0,0.967,1920,1080,True,baba__Grace_023
/Volumes/MacX/Sw/raw_videos/baba/Grace_024.mp4,baba,Grace_024.mp4,Grace,24,33,30.0,1.1,1920,1080,True,baba__Grace_024
/Volumes/MacX/Sw/raw_videos/baba/Grace_025.mp4,baba,Grace_025.mp4,Grace,25,30,30.0,1.0,1920,1080,True,baba__Grace_025
/Volumes/MacX/Sw/raw_videos/baba/Grace_026.mp4,baba,Grace_026.mp4,Grace,26,48,30.0,1.6,1920,1080,True,baba__Grace_026
/Volumes/MacX/Sw/raw_videos/baba/Grace_027.mp4,baba,Grace_027.mp4,Grace,27,37,30.0,1.233,1920,1080,True,baba__Grace_027
/Volumes/MacX/Sw/raw_videos/baba/Grace_028.mp4,baba,Grace_028.mp4,Grace,28,20,30.0,0.667,1920,1080,True,baba__Grace_028
/Volumes/MacX/Sw/raw_videos/baba/Grace_029.mp4,baba,Grace_029.mp4,Grace,29,30,30.0,1.0,1920,1080,True,baba__Grace_029
/Volumes/MacX/Sw/raw_videos/baba/Grace_030.mp4,baba,Grace_030.mp4,Grace,30,30,30.0,1.0,1920,1080,True,baba__Grace_030
/Volumes/MacX/Sw/raw_videos/baba/Grace_031.mp4,baba,Grace_031.mp4,Grace,31,24,30.0,0.8,1920,1080,True,baba__Grace_031
/Volumes/MacX/Sw/raw_videos/baba/Grace_032.mp4,baba,Grace_032.mp4,Grace,32,31,30.0,1.033,1920,1080,True,baba__Grace_032
/Volumes/MacX/Sw/raw_videos/baba/Grace_033.mp4,baba,Grace_033.mp4,Grace,33,34,30.0,1.133,1920,1080,True,baba__Grace_033
/Volumes/MacX/Sw/raw_videos/baba/Grace_034.mp4,baba,Grace_034.mp4,Grace,34,34,30.0,1.133,1920,1080,True,baba__Grace_034
/Volumes/MacX/Sw/raw_videos/baba/Grace_035.mp4,baba,Grace_035.mp4,Grace,35,31,30.0,1.033,1920,1080,True,baba__Grace_035
/Volumes/MacX/Sw/raw_videos/baba/Grace_036.mp4,baba,Grace_036.mp4,Grace,36,36,30.0,1.2,1920,1080,True,baba__Grace_036
/Volumes/MacX/Sw/raw_videos/baba/Grace_037.mp4,baba,Grace_037.mp4,Grace,37,32,30.0,1.067,1920,1080,True,baba__Grace_037
/Volumes/MacX/Sw/raw_videos/baba/Grace_038.mp4,baba,Grace_038.mp4,Grace,38,27,30.0,0.9,1920,1080,True,baba__Grace_038
/Volumes/MacX/Sw/raw_videos/baba/Grace_039.mp4,baba,Grace_039.mp4,Grace,39,21,30.0,0.7,1920,1080,True,baba__Grace_039
/Volumes/MacX/Sw/raw_videos/baba/Grace_040.mp4,baba,Grace_040.mp4,Grace,40,32,30.0,1.067,1920,1080,True,baba__Grace_040
/Volumes/MacX/Sw/raw_videos/baba/Grace_041.mp4,baba,Grace_041.mp4,Grace,41,24,30.0,0.8,1920,1080,True,baba__Grace_041
/Volumes/MacX/Sw/raw_videos/baba/Grace_042.mp4,baba,Grace_042.mp4,Grace,42,33,30.0,1.1,1920,1080,True,baba__Grace_042
/Volumes/MacX/Sw/raw_videos/baba/Grace_043.mp4,baba,Grace_043.mp4,Grace,43,32,30.0,1.067,1920,1080,True,baba__Grace_043
/Volumes/MacX/Sw/raw_videos/baba/Grace_044.mp4,baba,Grace_044.mp4,Grace,44,24,30.0,0.8,1920,1080,True,baba__Grace_044
/Volumes/MacX/Sw/raw_videos/baba/Grace_045.mp4,baba,Grace_045.mp4,Grace,45,29,30.0,0.967,1920,1080,True,baba__Grace_045
/Volumes/MacX/Sw/raw_videos/baba/Grace_046.mp4,baba,Grace_046.mp4,Grace,46,38,30.0,1.267,1920,1080,True,baba__Grace_046
/Volumes/MacX/Sw/raw_videos/baba/Grace_047.mp4,baba,Grace_047.mp4,Grace,47,25,30.0,0.833,1920,1080,True,baba__Grace_047
/Volumes/MacX/Sw/raw_videos/baba/Grace_048.mp4,baba,Grace_048.mp4,Grace,48,33,30.0,1.1,1920,1080,True,baba__Grace_048
/Volumes/MacX/Sw/raw_videos/baba/Grace_049.mp4,baba,Grace_049.mp4,Grace,49,26,30.0,0.867,1920,1080,True,baba__Grace_049
/Volumes/MacX/Sw/raw_videos/baba/Grace_050.mp4,baba,Grace_050.mp4,Grace,50,25,30.0,0.833,1920,1080,True,baba__Grace_050
/Volumes/MacX/Sw/raw_videos/baba/Grace_051.mp4,baba,Grace_051.mp4,Grace,51,24,30.0,0.8,1920,1080,True,baba__Grace_051
/Volumes/MacX/Sw/raw_videos/baba/Grace_052.mp4,baba,Grace_052.mp4,Grace,52,30,30.0,1.0,1920,1080,True,baba__Grace_052
/Volumes/MacX/Sw/raw_videos/baba/Grace_053.mp4,baba,Grace_053.mp4,Grace,53,26,30.0,0.867,1920,1080,True,baba__Grace_053
/Volumes/MacX/Sw/raw_videos/baba/Grace_054.mp4,baba,Grace_054.mp4,Grace,54,34,30.0,1.133,1920,1080,True,baba__Grace_054
/Volumes/MacX/Sw/raw_videos/baba/Grace_055.mp4,baba,Grace_055.mp4,Grace,55,19,30.0,0.633,1920,1080,True,baba__Grace_055
/Volumes/MacX/Sw/raw_videos/baba/Grace_056.mp4,baba,Grace_056.mp4,Grace,56,32,30.0,1.067,1920,1080,True,baba__Grace_056
/Volumes/MacX/Sw/raw_videos/baba/Grace_057.mp4,baba,Grace_057.mp4,Grace,57,29,30.0,0.967,1920,1080,True,baba__Grace_057
/Volumes/MacX/Sw/raw_videos/baba/Grace_058.mp4,baba,Grace_058.mp4,Grace,58,28,30.0,0.933,1920,1080,True,baba__Grace_058
/Volumes/MacX/Sw/raw_videos/baba/Grace_059.mp4,baba,Grace_059.mp4,Grace,59,22,30.0,0.733,1920,1080,True,baba__Grace_059
/Volumes/MacX/Sw/raw_videos/baba/Grace_060.mp4,baba,Grace_060.mp4,Grace,60,32,30.0,1.067,1920,1080,True,baba__Grace_060
/Volumes/MacX/Sw/raw_videos/baba/Grace_061.mp4,baba,Grace_061.mp4,Grace,61,20,30.0,0.667,1920,1080,True,baba__Grace_061
/Volumes/MacX/Sw/raw_videos/habari/Britney_001.mp4,habari,Britney_001.mp4,Britney,1,25,30.0,0.833,1024,680,True,habari__Britney_001
/Volumes/MacX/Sw/raw_videos/habari/Britney_002.mp4,habari,Britney_002.mp4,Britney,2,17,30.0,0.567,1024,680,True,habari__Britney_002
/Volumes/MacX/Sw/raw_videos/habari/Britney_003.mp4,habari,Britney_003.mp4,Britney,3,24,30.0,0.8,1024,680,True,habari__Britney_003
/Volumes/MacX/Sw/raw_videos/habari/Britney_004.mp4,habari,Britney_004.mp4,Britney,4,25,30.0,0.833,1024,680,True,habari__Britney_004
/Volumes/MacX/Sw/raw_videos/habari/Britney_005.mp4,habari,Britney_005.mp4,Britney,5,28,30.0,0.933,1024,680,True,habari__Britney_005
/Volumes/MacX/Sw/raw_videos/habari/Britney_006.mp4,habari,Britney_006.mp4,Britney,6,29,30.0,0.967,1024,680,True,habari__Britney_006
/Volumes/MacX/Sw/raw_videos/habari/Britney_007.mp4,habari,Britney_007.mp4,Britney,7,35,30.0,1.167,1024,680,True,habari__Britney_007
/Volumes/MacX/Sw/raw_videos/habari/Britney_008.mp4,habari,Britney_008.mp4,Britney,8,36,30.0,1.2,1024,680,True,habari__Britney_008
/Volumes/MacX/Sw/raw_videos/habari/Britney_009.mp4,habari,Britney_009.mp4,Britney,9,28,30.0,0.933,1024,680,True,habari__Britney_009
/Volumes/MacX/Sw/raw_videos/habari/Britney_010.mp4,habari,Britney_010.mp4,Britney,10,28,30.0,0.933,1024,680,True,habari__Britney_010
/Volumes/MacX/Sw/raw_videos/habari/Britney_011.mp4,habari,Britney_011.mp4,Britney,11,19,30.0,0.633,1024,680,True,habari__Britney_011
/Volumes/MacX/Sw/raw_videos/habari/Britney_012.mp4,habari,Britney_012.mp4,Britney,12,36,30.0,1.2,1024,680,True,habari__Britney_012
/Volumes/MacX/Sw/raw_videos/habari/Britney_013.mp4,habari,Britney_013.mp4,Britney,13,27,30.0,0.9,1024,680,True,habari__Britney_013
/Volumes/MacX/Sw/raw_videos/habari/Britney_014.mp4,habari,Britney_014.mp4,Britney,14,34,30.0,1.133,1024,680,True,habari__Britney_014
/Volumes/MacX/Sw/raw_videos/habari/Britney_015.mp4,habari,Britney_015.mp4,Britney,15,31,30.0,1.033,1024,680,True,habari__Britney_015
/Volumes/MacX/Sw/raw_videos/habari/Britney_016.mp4,habari,Britney_016.mp4,Britney,16,29,30.0,0.967,1024,680,True,habari__Britney_016
/Volumes/MacX/Sw/raw_videos/habari/Britney_017.mp4,habari,Britney_017.mp4,Britney,17,31,30.0,1.033,1024,680,True,habari__Britney_017
/Volumes/MacX/Sw/raw_videos/habari/Britney_018.mp4,habari,Britney_018.mp4,Britney,18,24,30.0,0.8,1024,680,True,habari__Britney_018
/Volumes/MacX/Sw/raw_videos/habari/Britney_019.mp4,habari,Britney_019.mp4,Britney,19,32,30.0,1.067,1024,680,True,habari__Britney_019
/Volumes/MacX/Sw/raw_videos/habari/Britney_020.mp4,habari,Britney_020.mp4,Britney,20,50,30.0,1.667,1024,680,True,habari__Britney_020
/Volumes/MacX/Sw/raw_videos/habari/Britney_021.mp4,habari,Britney_021.mp4,Britney,21,30,30.0,1.0,1024,680,True,habari__Britney_021
/Volumes/MacX/Sw/raw_videos/habari/Britney_022.mp4,habari,Britney_022.mp4,Britney,22,34,30.0,1.133,1024,680,True,habari__Britney_022
/Volumes/MacX/Sw/raw_videos/habari/Britney_023.mp4,habari,Britney_023.mp4,Britney,23,31,30.0,1.033,1024,680,True,habari__Britney_023
/Volumes/MacX/Sw/raw_videos/habari/Britney_024.mp4,habari,Britney_024.mp4,Britney,24,35,30.0,1.167,1024,680,True,habari__Britney_024
/Volumes/MacX/Sw/raw_videos/habari/Britney_025.mp4,habari,Britney_025.mp4,Britney,25,34,30.0,1.133,1024,680,True,habari__Britney_025
/Volumes/MacX/Sw/raw_videos/habari/Britney_026.mp4,habari,Britney_026.mp4,Britney,26,33,30.0,1.1,1024,680,True,habari__Britney_026
/Volumes/MacX/Sw/raw_videos/habari/Britney_027.mp4,habari,Britney_027.mp4,Britney,27,29,30.0,0.967,1024,680,True,habari__Britney_027
/Volumes/MacX/Sw/raw_videos/habari/Britney_028.mp4,habari,Britney_028.mp4,Britney,28,33,30.0,1.1,1024,680,True,habari__Britney_028
/Volumes/MacX/Sw/raw_videos/habari/Britney_029.mp4,habari,Britney_029.mp4,Britney,29,35,30.0,1.167,1024,680,True,habari__Britney_029
/Volumes/MacX/Sw/raw_videos/habari/Britney_030.mp4,habari,Britney_030.mp4,Britney,30,36,30.0,1.2,1024,680,True,habari__Britney_030
/Volumes/MacX/Sw/raw_videos/habari/Britney_031.mp4,habari,Britney_031.mp4,Britney,31,25,30.0,0.833,1024,680,True,habari__Britney_031
/Volumes/MacX/Sw/raw_videos/habari/Britney_032.mp4,habari,Britney_032.mp4,Britney,32,32,30.0,1.067,1024,680,True,habari__Britney_032
/Volumes/MacX/Sw/raw_videos/habari/Britney_033.mp4,habari,Britney_033.mp4,Britney,33,35,30.0,1.167,1024,680,True,habari__Britney_033
/Volumes/MacX/Sw/raw_videos/habari/Britney_034.mp4,habari,Britney_034.mp4,Britney,34,29,30.0,0.967,1024,680,True,habari__Britney_034
/Volumes/MacX/Sw/raw_videos/habari/Britney_035.mp4,habari,Britney_035.mp4,Britney,35,33,30.0,1.1,1024,680,True,habari__Britney_035
/Volumes/MacX/Sw/raw_videos/habari/Britney_036.mp4,habari,Britney_036.mp4,Britney,36,36,30.0,1.2,1024,680,True,habari__Britney_036
/Volumes/MacX/Sw/raw_videos/habari/Britney_037.mp4,habari,Britney_037.mp4,Britney,37,31,30.0,1.033,1024,680,True,habari__Britney_037
/Volumes/MacX/Sw/raw_videos/habari/Britney_038.mp4,habari,Britney_038.mp4,Britney,38,34,30.0,1.133,1024,680,True,habari__Britney_038
/Volumes/MacX/Sw/raw_videos/habari/Britney_039.mp4,habari,Britney_039.mp4,Britney,39,40,30.0,1.333,1024,680,True,habari__Britney_039
/Volumes/MacX/Sw/raw_videos/habari/Britney_041.mp4,habari,Britney_041.mp4,Britney,41,40,30.0,1.333,1920,1080,True,habari__Britney_041
/Volumes/MacX/Sw/raw_videos/habari/Britney_042.mp4,habari,Britney_042.mp4,Britney,42,28,30.0,0.933,1920,1080,True,habari__Britney_042
/Volumes/MacX/Sw/raw_videos/habari/Britney_043.mp4,habari,Britney_043.mp4,Britney,43,23,30.0,0.767,1920,1080,True,habari__Britney_043
/Volumes/MacX/Sw/raw_videos/habari/Britney_044.mp4,habari,Britney_044.mp4,Britney,44,26,30.0,0.867,1920,1080,True,habari__Britney_044
/Volumes/MacX/Sw/raw_videos/habari/Britney_045.mp4,habari,Britney_045.mp4,Britney,45,16,30.0,0.533,1920,1080,True,habari__Britney_045
/Volumes/MacX/Sw/raw_videos/habari/Britney_046.mp4,habari,Britney_046.mp4,Britney,46,20,30.0,0.667,1920,1080,True,habari__Britney_046
/Volumes/MacX/Sw/raw_videos/habari/Britney_047.mp4,habari,Britney_047.mp4,Britney,47,26,30.0,0.867,1920,1080,True,habari__Britney_047
/Volumes/MacX/Sw/raw_videos/habari/Britney_048.mp4,habari,Britney_048.mp4,Britney,48,25,30.0,0.833,1920,1080,True,habari__Britney_048
/Volumes/MacX/Sw/raw_videos/habari/Britney_049.mp4,habari,Britney_049.mp4,Britney,49,29,30.0,0.967,1920,1080,True,habari__Britney_049
/Volumes/MacX/Sw/raw_videos/habari/Britney_050.mp4,habari,Britney_050.mp4,Britney,50,24,30.0,0.8,1920,1080,True,habari__Britney_050
/Volumes/MacX/Sw/raw_videos/habari/Britney_051.mp4,habari,Britney_051.mp4,Britney,51,28,30.0,0.933,1920,1080,True,habari__Britney_051
/Volumes/MacX/Sw/raw_videos/habari/Britney_052.mp4,habari,Britney_052.mp4,Britney,52,23,30.0,0.767,1920,1080,True,habari__Britney_052
/Volumes/MacX/Sw/raw_videos/habari/Britney_053.mp4,habari,Britney_053.mp4,Britney,53,26,30.0,0.867,1920,1080,True,habari__Britney_053
/Volumes/MacX/Sw/raw_videos/habari/Britney_054.mp4,habari,Britney_054.mp4,Britney,54,26,30.0,0.867,1920,1080,True,habari__Britney_054
/Volumes/MacX/Sw/raw_videos/habari/Britney_055.mp4,habari,Britney_055.mp4,Britney,55,23,30.0,0.767,1920,1080,True,habari__Britney_055
/Volumes/MacX/Sw/raw_videos/habari/Britney_056.mp4,habari,Britney_056.mp4,Britney,56,24,30.0,0.8,1920,1080,True,habari__Britney_056
/Volumes/MacX/Sw/raw_videos/habari/Britney_057.mp4,habari,Britney_057.mp4,Britney,57,17,30.0,0.567,1920,1080,True,habari__Britney_057
/Volumes/MacX/Sw/raw_videos/habari/Britney_058.mp4,habari,Britney_058.mp4,Britney,58,25,30.0,0.833,1920,1080,True,habari__Britney_058
/Volumes/MacX/Sw/raw_videos/habari/Britney_059.mp4,habari,Britney_059.mp4,Britney,59,26,30.0,0.867,1920,1080,True,habari__Britney_059
/Volumes/MacX/Sw/raw_videos/habari/Britney_060.mp4,habari,Britney_060.mp4,Britney,60,25,30.0,0.833,1920,1080,True,habari__Britney_060
/Volumes/MacX/Sw/raw_videos/habari/Grace_001.mp4,habari,Grace_001.mp4,Grace,1,64,30.0,2.133,1024,680,True,habari__Grace_001
/Volumes/MacX/Sw/raw_videos/habari/Grace_002.mp4,habari,Grace_002.mp4,Grace,2,24,30.0,0.8,1024,680,True,habari__Grace_002
/Volumes/MacX/Sw/raw_videos/habari/Grace_003.mp4,habari,Grace_003.mp4,Grace,3,29,30.0,0.967,1024,680,True,habari__Grace_003
/Volumes/MacX/Sw/raw_videos/habari/Grace_004.mp4,habari,Grace_004.mp4,Grace,4,59,30.0,1.967,1024,680,True,habari__Grace_004
/Volumes/MacX/Sw/raw_videos/habari/Grace_005.mp4,habari,Grace_005.mp4,Grace,5,34,30.0,1.133,1024,680,True,habari__Grace_005
/Volumes/MacX/Sw/raw_videos/habari/Grace_006.mp4,habari,Grace_006.mp4,Grace,6,32,30.0,1.067,1024,680,True,habari__Grace_006
/Volumes/MacX/Sw/raw_videos/habari/Grace_007.mp4,habari,Grace_007.mp4,Grace,7,29,30.0,0.967,1024,680,True,habari__Grace_007
/Volumes/MacX/Sw/raw_videos/habari/Grace_008.mp4,habari,Grace_008.mp4,Grace,8,31,30.0,1.033,1024,680,True,habari__Grace_008
/Volumes/MacX/Sw/raw_videos/habari/Grace_009.mp4,habari,Grace_009.mp4,Grace,9,24,30.0,0.8,1024,680,True,habari__Grace_009
/Volumes/MacX/Sw/raw_videos/habari/Grace_010.mp4,habari,Grace_010.mp4,Grace,10,28,30.0,0.933,1024,680,True,habari__Grace_010
/Volumes/MacX/Sw/raw_videos/habari/Grace_011.mp4,habari,Grace_011.mp4,Grace,11,24,30.0,0.8,1024,680,True,habari__Grace_011
/Volumes/MacX/Sw/raw_videos/habari/Grace_012.mp4,habari,Grace_012.mp4,Grace,12,27,30.0,0.9,1024,680,True,habari__Grace_012
/Volumes/MacX/Sw/raw_videos/habari/Grace_014.mp4,habari,Grace_014.mp4,Grace,14,28,30.0,0.933,1024,680,True,habari__Grace_014
/Volumes/MacX/Sw/raw_videos/habari/Grace_015.mp4,habari,Grace_015.mp4,Grace,15,28,30.0,0.933,1024,680,True,habari__Grace_015
/Volumes/MacX/Sw/raw_videos/habari/Grace_016.mp4,habari,Grace_016.mp4,Grace,16,23,30.0,0.767,1024,680,True,habari__Grace_016
/Volumes/MacX/Sw/raw_videos/habari/Grace_017.mp4,habari,Grace_017.mp4,Grace,17,21,30.0,0.7,1024,680,True,habari__Grace_017
/Volumes/MacX/Sw/raw_videos/habari/Grace_018.mp4,habari,Grace_018.mp4,Grace,18,25,30.0,0.833,1024,680,True,habari__Grace_018
/Volumes/MacX/Sw/raw_videos/habari/Grace_019.mp4,habari,Grace_019.mp4,Grace,19,32,30.0,1.067,1024,680,True,habari__Grace_019
/Volumes/MacX/Sw/raw_videos/habari/Grace_020.mp4,habari,Grace_020.mp4,Grace,20,20,30.0,0.667,1024,680,True,habari__Grace_020
/Volumes/MacX/Sw/raw_videos/habari/Grace_021.mp4,habari,Grace_021.mp4,Grace,21,26,30.0,0.867,1024,680,True,habari__Grace_021
/Volumes/MacX/Sw/raw_videos/habari/Grace_022.mp4,habari,Grace_022.mp4,Grace,22,45,30.0,1.5,1024,680,True,habari__Grace_022
/Volumes/MacX/Sw/raw_videos/habari/Grace_023.mp4,habari,Grace_023.mp4,Grace,23,26,30.0,0.867,1024,680,True,habari__Grace_023
/Volumes/MacX/Sw/raw_videos/habari/Grace_024.mp4,habari,Grace_024.mp4,Grace,24,31,30.0,1.033,1024,680,True,habari__Grace_024
/Volumes/MacX/Sw/raw_videos/habari/Grace_025.mp4,habari,Grace_025.mp4,Grace,25,26,30.0,0.867,1024,680,True,habari__Grace_025
/Volumes/MacX/Sw/raw_videos/habari/Grace_026.mp4,habari,Grace_026.mp4,Grace,26,31,60.0,0.517,1024,680,True,habari__Grace_026
/Volumes/MacX/Sw/raw_videos/habari/Grace_027.mp4,habari,Grace_027.mp4,Grace,27,45,60.0,0.75,1024,680,True,habari__Grace_027
/Volumes/MacX/Sw/raw_videos/habari/Grace_028.mp4,habari,Grace_028.mp4,Grace,28,36,30.0,1.2,1024,680,True,habari__Grace_028
/Volumes/MacX/Sw/raw_videos/habari/Grace_029.mp4,habari,Grace_029.mp4,Grace,29,20,30.0,0.667,1024,680,True,habari__Grace_029
/Volumes/MacX/Sw/raw_videos/habari/Grace_030.mp4,habari,Grace_030.mp4,Grace,30,21,30.0,0.7,1024,680,True,habari__Grace_030
/Volumes/MacX/Sw/raw_videos/habari/Grace_031.mp4,habari,Grace_031.mp4,Grace,31,20,30.0,0.667,1024,680,True,habari__Grace_031
/Volumes/MacX/Sw/raw_videos/habari/Grace_032.mp4,habari,Grace_032.mp4,Grace,32,23,30.0,0.767,1024,680,True,habari__Grace_032
/Volumes/MacX/Sw/raw_videos/habari/Grace_033.mp4,habari,Grace_033.mp4,Grace,33,23,30.0,0.767,1024,680,True,habari__Grace_033
/Volumes/MacX/Sw/raw_videos/habari/Grace_034.mp4,habari,Grace_034.mp4,Grace,34,20,30.0,0.667,1024,680,True,habari__Grace_034
/Volumes/MacX/Sw/raw_videos/habari/Grace_035.mp4,habari,Grace_035.mp4,Grace,35,26,30.0,0.867,1024,680,True,habari__Grace_035
/Volumes/MacX/Sw/raw_videos/habari/Grace_036.mp4,habari,Grace_036.mp4,Grace,36,16,30.0,0.533,1024,680,True,habari__Grace_036
/Volumes/MacX/Sw/raw_videos/habari/Grace_037.mp4,habari,Grace_037.mp4,Grace,37,23,30.0,0.767,1024,680,True,habari__Grace_037
/Volumes/MacX/Sw/raw_videos/habari/Grace_038.mp4,habari,Grace_038.mp4,Grace,38,25,30.0,0.833,1024,680,True,habari__Grace_038
/Volumes/MacX/Sw/raw_videos/habari/Grace_039.mp4,habari,Grace_039.mp4,Grace,39,23,30.0,0.767,1024,680,True,habari__Grace_039
/Volumes/MacX/Sw/raw_videos/habari/Grace_040.mp4,habari,Grace_040.mp4,Grace,40,26,30.0,0.867,1024,680,True,habari__Grace_040
/Volumes/MacX/Sw/raw_videos/habari/Grace_041.mp4,habari,Grace_041.mp4,Grace,41,39,30.0,1.3,1024,680,True,habari__Grace_041
/Volumes/MacX/Sw/raw_videos/habari/Grace_042.mp4,habari,Grace_042.mp4,Grace,42,31,30.0,1.033,1024,680,True,habari__Grace_042
/Volumes/MacX/Sw/raw_videos/habari/Grace_043.mp4,habari,Grace_043.mp4,Grace,43,31,30.0,1.033,1024,680,True,habari__Grace_043
/Volumes/MacX/Sw/raw_videos/habari/Grace_044.mp4,habari,Grace_044.mp4,Grace,44,34,30.0,1.133,1024,680,True,habari__Grace_044
/Volumes/MacX/Sw/raw_videos/habari/Grace_045.mp4,habari,Grace_045.mp4,Grace,45,30,30.0,1.0,1024,680,True,habari__Grace_045
/Volumes/MacX/Sw/raw_videos/habari/Grace_046.mp4,habari,Grace_046.mp4,Grace,46,29,30.0,0.967,1024,680,True,habari__Grace_046
/Volumes/MacX/Sw/raw_videos/habari/Grace_047.mp4,habari,Grace_047.mp4,Grace,47,51,30.0,1.7,1024,680,True,habari__Grace_047
/Volumes/MacX/Sw/raw_videos/habari/Grace_048.mp4,habari,Grace_048.mp4,Grace,48,24,30.0,0.8,1024,680,True,habari__Grace_048
/Volumes/MacX/Sw/raw_videos/habari/Grace_049.mp4,habari,Grace_049.mp4,Grace,49,24,30.0,0.8,1024,680,True,habari__Grace_049
/Volumes/MacX/Sw/raw_videos/habari/Grace_050.mp4,habari,Grace_050.mp4,Grace,50,20,30.0,0.667,1024,680,True,habari__Grace_050
/Volumes/MacX/Sw/raw_videos/habari/Grace_051.mp4,habari,Grace_051.mp4,Grace,51,16,30.0,0.533,1024,680,True,habari__Grace_051
/Volumes/MacX/Sw/raw_videos/habari/Grace_052.mp4,habari,Grace_052.mp4,Grace,52,19,30.0,0.633,1024,680,True,habari__Grace_052
/Volumes/MacX/Sw/raw_videos/habari/Grace_053.mp4,habari,Grace_053.mp4,Grace,53,34,30.0,1.133,1024,680,True,habari__Grace_053
/Volumes/MacX/Sw/raw_videos/habari/Grace_054.mp4,habari,Grace_054.mp4,Grace,54,28,30.0,0.933,1024,680,True,habari__Grace_054
/Volumes/MacX/Sw/raw_videos/habari/Grace_055.mp4,habari,Grace_055.mp4,Grace,55,38,30.0,1.267,1024,680,True,habari__Grace_055
/Volumes/MacX/Sw/raw_videos/habari/Grace_056.mp4,habari,Grace_056.mp4,Grace,56,19,30.0,0.633,1024,680,True,habari__Grace_056
/Volumes/MacX/Sw/raw_videos/habari/Grace_057.mp4,habari,Grace_057.mp4,Grace,57,16,30.0,0.533,1024,680,True,habari__Grace_057
/Volumes/MacX/Sw/raw_videos/habari/Grace_058.mp4,habari,Grace_058.mp4,Grace,58,34,30.0,1.133,1024,680,True,habari__Grace_058
/Volumes/MacX/Sw/raw_videos/habari/Grace_059.mp4,habari,Grace_059.mp4,Grace,59,29,30.0,0.967,1024,680,True,habari__Grace_059
/Volumes/MacX/Sw/raw_videos/habari/Grace_060.mp4,habari,Grace_060.mp4,Grace,60,27,30.0,0.9,1024,680,True,habari__Grace_060
/Volumes/MacX/Sw/raw_videos/habari/Grace_061.mp4,habari,Grace_061.mp4,Grace,61,27,30.0,0.9,1024,680,True,habari__Grace_061
/Volumes/MacX/Sw/raw_videos/hedhi/Britney_001.mp4,hedhi,Britney_001.mp4,Britney,1,41,30.0,1.367,1024,680,True,hedhi__Britney_001
/Volumes/MacX/Sw/raw_videos/hedhi/Britney_002.mp4,hedhi,Britney_002.mp4,Britney,2,38,30.0,1.267,1024,680,True,hedhi__Britney_002
/Volumes/MacX/Sw/raw_videos/hedhi/Britney_003.mp4,hedhi,Britney_003.mp4,Britney,3,24,30.0,0.8,1024,680,True,hedhi__Britney_003
/Volumes/MacX/Sw/raw_videos/hedhi/Britney_004.mp4,hedhi,Britney_004.mp4,Britney,4,23,30.0,0.767,1024,680,True,hedhi__Britney_004
/Volumes/MacX/Sw/raw_videos/hedhi/Britney_005.mp4,hedhi,Britney_005.mp4,Britney,5,34,30.0,1.133,1024,680,True,hedhi__Britney_005
/Volumes/MacX/Sw/raw_videos/hedhi/Britney_006.mp4,hedhi,Britney_006.mp4,Britney,6,45,30.0,1.5,1024,680,True,hedhi__Britney_006
/Volumes/MacX/Sw/raw_videos/hedhi/Britney_007.mp4,hedhi,Britney_007.mp4,Britney,7,39,30.0,1.3,1024,680,True,hedhi__Britney_007
/Volumes/MacX/Sw/raw_videos/hedhi/Britney_008.mp4,hedhi,Britney_008.mp4,Britney,8,30,30.0,1.0,1024,680,True,hedhi__Britney_008
/Volumes/MacX/Sw/raw_videos/hedhi/Britney_009.mp4,hedhi,Britney_009.mp4,Britney,9,29,30.0,0.967,1024,680,True,hedhi__Britney_009
/Volumes/MacX/Sw/raw_videos/hedhi/Britney_010.mp4,hedhi,Britney_010.mp4,Britney,10,21,30.0,0.7,1024,680,True,hedhi__Britney_010
/Volumes/MacX/Sw/raw_videos/hedhi/Britney_011.mp4,hedhi,Britney_011.mp4,Britney,11,29,30.0,0.967,1024,680,True,hedhi__Britney_011
/Volumes/MacX/Sw/raw_videos/hedhi/Britney_012.mp4,hedhi,Britney_012.mp4,Britney,12,25,30.0,0.833,1024,680,True,hedhi__Britney_012
/Volumes/MacX/Sw/raw_videos/hedhi/Britney_013.mp4,hedhi,Britney_013.mp4,Britney,13,35,30.0,1.167,1024,680,True,hedhi__Britney_013
/Volumes/MacX/Sw/raw_videos/hedhi/Britney_014.mp4,hedhi,Britney_014.mp4,Britney,14,31,30.0,1.033,1024,680,True,hedhi__Britney_014
/Volumes/MacX/Sw/raw_videos/hedhi/Britney_015.mp4,hedhi,Britney_015.mp4,Britney,15,37,30.0,1.233,1024,680,True,hedhi__Britney_015
/Volumes/MacX/Sw/raw_videos/hedhi/Britney_017.mp4,hedhi,Britney_017.mp4,Britney,17,29,30.0,0.967,1024,680,True,hedhi__Britney_017
/Volumes/MacX/Sw/raw_videos/hedhi/Britney_018.mp4,hedhi,Britney_018.mp4,Britney,18,32,30.0,1.067,1024,680,True,hedhi__Britney_018
/Volumes/MacX/Sw/raw_videos/hedhi/Britney_019.mp4,hedhi,Britney_019.mp4,Britney,19,31,30.0,1.033,1024,680,True,hedhi__Britney_019
/Volumes/MacX/Sw/raw_videos/hedhi/Britney_020.mp4,hedhi,Britney_020.mp4,Britney,20,44,30.0,1.467,1024,680,True,hedhi__Britney_020
/Volumes/MacX/Sw/raw_videos/hedhi/Britney_021.mp4,hedhi,Britney_021.mp4,Britney,21,29,30.0,0.967,1024,680,True,hedhi__Britney_021
/Volumes/MacX/Sw/raw_videos/hedhi/Britney_022.mp4,hedhi,Britney_022.mp4,Britney,22,29,30.0,0.967,1024,680,True,hedhi__Britney_022
/Volumes/MacX/Sw/raw_videos/hedhi/Britney_023.mp4,hedhi,Britney_023.mp4,Britney,23,46,30.0,1.533,1024,680,True,hedhi__Britney_023
/Volumes/MacX/Sw/raw_videos/hedhi/Britney_024.mp4,hedhi,Britney_024.mp4,Britney,24,38,30.0,1.267,1024,680,True,hedhi__Britney_024
/Volumes/MacX/Sw/raw_videos/hedhi/Britney_025.mp4,hedhi,Britney_025.mp4,Britney,25,36,30.0,1.2,1024,680,True,hedhi__Britney_025
/Volumes/MacX/Sw/raw_videos/hedhi/Britney_026.mp4,hedhi,Britney_026.mp4,Britney,26,58,30.0,1.933,1024,680,True,hedhi__Britney_026
/Volumes/MacX/Sw/raw_videos/hedhi/Britney_027.mp4,hedhi,Britney_027.mp4,Britney,27,39,30.0,1.3,1024,680,True,hedhi__Britney_027
/Volumes/MacX/Sw/raw_videos/hedhi/Britney_028.mp4,hedhi,Britney_028.mp4,Britney,28,30,30.0,1.0,1024,680,True,hedhi__Britney_028
/Volumes/MacX/Sw/raw_videos/hedhi/Britney_029.mp4,hedhi,Britney_029.mp4,Britney,29,33,30.0,1.1,1024,680,True,hedhi__Britney_029
/Volumes/MacX/Sw/raw_videos/hedhi/Britney_030.mp4,hedhi,Britney_030.mp4,Britney,30,35,30.0,1.167,1024,680,True,hedhi__Britney_030
/Volumes/MacX/Sw/raw_videos/hedhi/Britney_031.mp4,hedhi,Britney_031.mp4,Britney,31,31,30.0,1.033,1024,680,True,hedhi__Britney_031
/Volumes/MacX/Sw/raw_videos/hedhi/Britney_032.mp4,hedhi,Britney_032.mp4,Britney,32,35,30.0,1.167,1024,680,True,hedhi__Britney_032
/Volumes/MacX/Sw/raw_videos/hedhi/Britney_033.mp4,hedhi,Britney_033.mp4,Britney,33,26,30.0,0.867,1024,680,True,hedhi__Britney_033
/Volumes/MacX/Sw/raw_videos/hedhi/Britney_034.mp4,hedhi,Britney_034.mp4,Britney,34,26,30.0,0.867,1024,680,True,hedhi__Britney_034
/Volumes/MacX/Sw/raw_videos/hedhi/Britney_035.mp4,hedhi,Britney_035.mp4,Britney,35,21,30.0,0.7,1024,680,True,hedhi__Britney_035
/Volumes/MacX/Sw/raw_videos/hedhi/Britney_036.mp4,hedhi,Britney_036.mp4,Britney,36,20,30.0,0.667,1024,680,True,hedhi__Britney_036
/Volumes/MacX/Sw/raw_videos/hedhi/Britney_037.mp4,hedhi,Britney_037.mp4,Britney,37,24,30.0,0.8,1024,680,True,hedhi__Britney_037
/Volumes/MacX/Sw/raw_videos/hedhi/Britney_038.mp4,hedhi,Britney_038.mp4,Britney,38,22,30.0,0.733,1024,680,True,hedhi__Britney_038
/Volumes/MacX/Sw/raw_videos/hedhi/Britney_039.mp4,hedhi,Britney_039.mp4,Britney,39,30,30.0,1.0,1024,680,True,hedhi__Britney_039
/Volumes/MacX/Sw/raw_videos/hedhi/Britney_040.mp4,hedhi,Britney_040.mp4,Britney,40,36,30.0,1.2,1024,680,True,hedhi__Britney_040
/Volumes/MacX/Sw/raw_videos/hedhi/Britney_041.mp4,hedhi,Britney_041.mp4,Britney,41,38,30.0,1.267,1024,680,True,hedhi__Britney_041
/Volumes/MacX/Sw/raw_videos/hedhi/Britney_042.mp4,hedhi,Britney_042.mp4,Britney,42,30,30.0,1.0,1024,680,True,hedhi__Britney_042
/Volumes/MacX/Sw/raw_videos/hedhi/Britney_043.mp4,hedhi,Britney_043.mp4,Britney,43,27,30.0,0.9,1024,680,True,hedhi__Britney_043
/Volumes/MacX/Sw/raw_videos/hedhi/Britney_044.mp4,hedhi,Britney_044.mp4,Britney,44,27,30.0,0.9,1024,680,True,hedhi__Britney_044
/Volumes/MacX/Sw/raw_videos/hedhi/Britney_045.mp4,hedhi,Britney_045.mp4,Britney,45,38,30.0,1.267,1024,680,True,hedhi__Britney_045
/Volumes/MacX/Sw/raw_videos/hedhi/Britney_046.mp4,hedhi,Britney_046.mp4,Britney,46,33,30.0,1.1,1024,680,True,hedhi__Britney_046
/Volumes/MacX/Sw/raw_videos/hedhi/Britney_047.mp4,hedhi,Britney_047.mp4,Britney,47,30,30.0,1.0,1024,680,True,hedhi__Britney_047
/Volumes/MacX/Sw/raw_videos/hedhi/Britney_048.mp4,hedhi,Britney_048.mp4,Britney,48,27,30.0,0.9,1024,680,True,hedhi__Britney_048
/Volumes/MacX/Sw/raw_videos/hedhi/Britney_049.mp4,hedhi,Britney_049.mp4,Britney,49,24,30.0,0.8,1024,680,True,hedhi__Britney_049
/Volumes/MacX/Sw/raw_videos/hedhi/Britney_050.mp4,hedhi,Britney_050.mp4,Britney,50,24,30.0,0.8,1024,680,True,hedhi__Britney_050
/Volumes/MacX/Sw/raw_videos/hedhi/Britney_051.mp4,hedhi,Britney_051.mp4,Britney,51,24,30.0,0.8,1024,680,True,hedhi__Britney_051
/Volumes/MacX/Sw/raw_videos/hedhi/Britney_052.mp4,hedhi,Britney_052.mp4,Britney,52,32,30.0,1.067,1024,680,True,hedhi__Britney_052
/Volumes/MacX/Sw/raw_videos/hedhi/Britney_053.mp4,hedhi,Britney_053.mp4,Britney,53,32,30.0,1.067,1024,680,True,hedhi__Britney_053
/Volumes/MacX/Sw/raw_videos/hedhi/Britney_054.mp4,hedhi,Britney_054.mp4,Britney,54,39,30.0,1.3,1024,680,True,hedhi__Britney_054
/Volumes/MacX/Sw/raw_videos/hedhi/Britney_055.mp4,hedhi,Britney_055.mp4,Britney,55,33,30.0,1.1,1024,680,True,hedhi__Britney_055
/Volumes/MacX/Sw/raw_videos/hedhi/Britney_056.mp4,hedhi,Britney_056.mp4,Britney,56,23,30.0,0.767,1024,680,True,hedhi__Britney_056
/Volumes/MacX/Sw/raw_videos/hedhi/Britney_057.mp4,hedhi,Britney_057.mp4,Britney,57,24,30.0,0.8,1024,680,True,hedhi__Britney_057
/Volumes/MacX/Sw/raw_videos/hedhi/Britney_058.mp4,hedhi,Britney_058.mp4,Britney,58,28,30.0,0.933,1024,680,True,hedhi__Britney_058
/Volumes/MacX/Sw/raw_videos/hedhi/Britney_059.mp4,hedhi,Britney_059.mp4,Britney,59,28,30.0,0.933,1024,680,True,hedhi__Britney_059
/Volumes/MacX/Sw/raw_videos/hedhi/Britney_060.mp4,hedhi,Britney_060.mp4,Britney,60,26,30.0,0.867,1024,680,True,hedhi__Britney_060
/Volumes/MacX/Sw/raw_videos/hedhi/Britney_061.mp4,hedhi,Britney_061.mp4,Britney,61,21,30.0,0.7,1024,680,True,hedhi__Britney_061
/Volumes/MacX/Sw/raw_videos/hedhi/Grace_001.mp4,hedhi,Grace_001.mp4,Grace,1,24,30.0,0.8,1024,680,True,hedhi__Grace_001
/Volumes/MacX/Sw/raw_videos/hedhi/Grace_002.mp4,hedhi,Grace_002.mp4,Grace,2,21,30.0,0.7,1024,680,True,hedhi__Grace_002
/Volumes/MacX/Sw/raw_videos/hedhi/Grace_003.mp4,hedhi,Grace_003.mp4,Grace,3,21,30.0,0.7,1024,680,True,hedhi__Grace_003
/Volumes/MacX/Sw/raw_videos/hedhi/Grace_004.mp4,hedhi,Grace_004.mp4,Grace,4,22,30.0,0.733,1024,680,True,hedhi__Grace_004
/Volumes/MacX/Sw/raw_videos/hedhi/Grace_005.mp4,hedhi,Grace_005.mp4,Grace,5,23,30.0,0.767,1024,680,True,hedhi__Grace_005
/Volumes/MacX/Sw/raw_videos/hedhi/Grace_006.mp4,hedhi,Grace_006.mp4,Grace,6,23,30.0,0.767,1024,680,True,hedhi__Grace_006
/Volumes/MacX/Sw/raw_videos/hedhi/Grace_007.mp4,hedhi,Grace_007.mp4,Grace,7,21,30.0,0.7,1024,680,True,hedhi__Grace_007
/Volumes/MacX/Sw/raw_videos/hedhi/Grace_008.mp4,hedhi,Grace_008.mp4,Grace,8,20,30.0,0.667,1024,680,True,hedhi__Grace_008
/Volumes/MacX/Sw/raw_videos/hedhi/Grace_009.mp4,hedhi,Grace_009.mp4,Grace,9,20,30.0,0.667,1024,680,True,hedhi__Grace_009
/Volumes/MacX/Sw/raw_videos/hedhi/Grace_010.mp4,hedhi,Grace_010.mp4,Grace,10,23,30.0,0.767,1024,680,True,hedhi__Grace_010
/Volumes/MacX/Sw/raw_videos/hedhi/Grace_011.mp4,hedhi,Grace_011.mp4,Grace,11,18,30.0,0.6,1024,680,True,hedhi__Grace_011
/Volumes/MacX/Sw/raw_videos/hedhi/Grace_012.mp4,hedhi,Grace_012.mp4,Grace,12,29,30.0,0.967,1024,680,True,hedhi__Grace_012
/Volumes/MacX/Sw/raw_videos/hedhi/Grace_013.mp4,hedhi,Grace_013.mp4,Grace,13,29,30.0,0.967,1024,680,True,hedhi__Grace_013
/Volumes/MacX/Sw/raw_videos/hedhi/Grace_014.mp4,hedhi,Grace_014.mp4,Grace,14,28,30.0,0.933,1024,680,True,hedhi__Grace_014
/Volumes/MacX/Sw/raw_videos/hedhi/Grace_015.mp4,hedhi,Grace_015.mp4,Grace,15,26,30.0,0.867,1024,680,True,hedhi__Grace_015
/Volumes/MacX/Sw/raw_videos/hedhi/Grace_016.mp4,hedhi,Grace_016.mp4,Grace,16,25,30.0,0.833,1024,680,True,hedhi__Grace_016
/Volumes/MacX/Sw/raw_videos/hedhi/Grace_017.mp4,hedhi,Grace_017.mp4,Grace,17,23,30.0,0.767,1024,680,True,hedhi__Grace_017
/Volumes/MacX/Sw/raw_videos/hedhi/Grace_018.mp4,hedhi,Grace_018.mp4,Grace,18,24,30.0,0.8,1024,680,True,hedhi__Grace_018
/Volumes/MacX/Sw/raw_videos/hedhi/Grace_019.mp4,hedhi,Grace_019.mp4,Grace,19,22,30.0,0.733,1024,680,True,hedhi__Grace_019
/Volumes/MacX/Sw/raw_videos/hedhi/Grace_020.mp4,hedhi,Grace_020.mp4,Grace,20,18,30.0,0.6,1024,680,True,hedhi__Grace_020
/Volumes/MacX/Sw/raw_videos/hedhi/Grace_021.mp4,hedhi,Grace_021.mp4,Grace,21,32,30.0,1.067,1024,680,True,hedhi__Grace_021
/Volumes/MacX/Sw/raw_videos/hedhi/Grace_023.mp4,hedhi,Grace_023.mp4,Grace,23,23,30.0,0.767,1024,680,True,hedhi__Grace_023
/Volumes/MacX/Sw/raw_videos/hedhi/Grace_024.mp4,hedhi,Grace_024.mp4,Grace,24,22,30.0,0.733,1024,680,True,hedhi__Grace_024
/Volumes/MacX/Sw/raw_videos/hedhi/Grace_025.mp4,hedhi,Grace_025.mp4,Grace,25,23,30.0,0.767,1024,680,True,hedhi__Grace_025
/Volumes/MacX/Sw/raw_videos/hedhi/Grace_026.mp4,hedhi,Grace_026.mp4,Grace,26,22,30.0,0.733,1024,680,True,hedhi__Grace_026
/Volumes/MacX/Sw/raw_videos/hedhi/Grace_027.mp4,hedhi,Grace_027.mp4,Grace,27,25,30.0,0.833,1024,680,True,hedhi__Grace_027
/Volumes/MacX/Sw/raw_videos/hedhi/Grace_028.mp4,hedhi,Grace_028.mp4,Grace,28,31,30.0,1.033,1024,680,True,hedhi__Grace_028
/Volumes/MacX/Sw/raw_videos/hedhi/Grace_029.mp4,hedhi,Grace_029.mp4,Grace,29,28,30.0,0.933,1024,680,True,hedhi__Grace_029
/Volumes/MacX/Sw/raw_videos/hedhi/Grace_030.mp4,hedhi,Grace_030.mp4,Grace,30,28,30.0,0.933,1024,680,True,hedhi__Grace_030
/Volumes/MacX/Sw/raw_videos/hedhi/Grace_031.mp4,hedhi,Grace_031.mp4,Grace,31,22,30.0,0.733,1024,680,True,hedhi__Grace_031
/Volumes/MacX/Sw/raw_videos/hedhi/Grace_032.mp4,hedhi,Grace_032.mp4,Grace,32,22,30.0,0.733,1024,680,True,hedhi__Grace_032
/Volumes/MacX/Sw/raw_videos/hedhi/Grace_033.mp4,hedhi,Grace_033.mp4,Grace,33,35,30.0,1.167,1024,680,True,hedhi__Grace_033
/Volumes/MacX/Sw/raw_videos/hedhi/Grace_034.mp4,hedhi,Grace_034.mp4,Grace,34,26,30.0,0.867,1024,680,True,hedhi__Grace_034
/Volumes/MacX/Sw/raw_videos/hedhi/Grace_035.mp4,hedhi,Grace_035.mp4,Grace,35,30,30.0,1.0,1024,680,True,hedhi__Grace_035
/Volumes/MacX/Sw/raw_videos/hedhi/Grace_036.mp4,hedhi,Grace_036.mp4,Grace,36,26,30.0,0.867,1024,680,True,hedhi__Grace_036
/Volumes/MacX/Sw/raw_videos/hedhi/Grace_037.mp4,hedhi,Grace_037.mp4,Grace,37,40,30.0,1.333,1024,680,True,hedhi__Grace_037
/Volumes/MacX/Sw/raw_videos/hedhi/Grace_038.mp4,hedhi,Grace_038.mp4,Grace,38,35,30.0,1.167,1024,680,True,hedhi__Grace_038
/Volumes/MacX/Sw/raw_videos/hedhi/Grace_039.mp4,hedhi,Grace_039.mp4,Grace,39,27,30.0,0.9,1024,680,True,hedhi__Grace_039
/Volumes/MacX/Sw/raw_videos/hedhi/Grace_040.mp4,hedhi,Grace_040.mp4,Grace,40,25,30.0,0.833,1024,680,True,hedhi__Grace_040
/Volumes/MacX/Sw/raw_videos/hedhi/Grace_041.mp4,hedhi,Grace_041.mp4,Grace,41,23,30.0,0.767,1024,680,True,hedhi__Grace_041
/Volumes/MacX/Sw/raw_videos/hedhi/Grace_042.mp4,hedhi,Grace_042.mp4,Grace,42,31,30.0,1.033,1024,680,True,hedhi__Grace_042
/Volumes/MacX/Sw/raw_videos/hedhi/Grace_043.mp4,hedhi,Grace_043.mp4,Grace,43,46,30.0,1.533,1024,680,True,hedhi__Grace_043
/Volumes/MacX/Sw/raw_videos/hedhi/Grace_044.mp4,hedhi,Grace_044.mp4,Grace,44,24,30.0,0.8,1024,680,True,hedhi__Grace_044
/Volumes/MacX/Sw/raw_videos/hedhi/Grace_045.mp4,hedhi,Grace_045.mp4,Grace,45,30,30.0,1.0,1024,680,True,hedhi__Grace_045
/Volumes/MacX/Sw/raw_videos/hedhi/Grace_046.mp4,hedhi,Grace_046.mp4,Grace,46,29,30.0,0.967,1024,680,True,hedhi__Grace_046
/Volumes/MacX/Sw/raw_videos/hedhi/Grace_047.mp4,hedhi,Grace_047.mp4,Grace,47,28,30.0,0.933,1024,680,True,hedhi__Grace_047
/Volumes/MacX/Sw/raw_videos/hedhi/Grace_048.mp4,hedhi,Grace_048.mp4,Grace,48,31,30.0,1.033,1024,680,True,hedhi__Grace_048
/Volumes/MacX/Sw/raw_videos/hedhi/Grace_049.mp4,hedhi,Grace_049.mp4,Grace,49,31,30.0,1.033,1024,680,True,hedhi__Grace_049
/Volumes/MacX/Sw/raw_videos/hedhi/Grace_050.mp4,hedhi,Grace_050.mp4,Grace,50,28,30.0,0.933,1024,680,True,hedhi__Grace_050
/Volumes/MacX/Sw/raw_videos/hedhi/Grace_051.mp4,hedhi,Grace_051.mp4,Grace,51,19,30.0,0.633,1024,680,True,hedhi__Grace_051
/Volumes/MacX/Sw/raw_videos/hedhi/Grace_052.mp4,hedhi,Grace_052.mp4,Grace,52,22,30.0,0.733,1024,680,True,hedhi__Grace_052
/Volumes/MacX/Sw/raw_videos/hedhi/Grace_053.mp4,hedhi,Grace_053.mp4,Grace,53,26,30.0,0.867,1024,680,True,hedhi__Grace_053
/Volumes/MacX/Sw/raw_videos/hedhi/Grace_054.mp4,hedhi,Grace_054.mp4,Grace,54,22,30.0,0.733,1024,680,True,hedhi__Grace_054
/Volumes/MacX/Sw/raw_videos/hedhi/Grace_055.mp4,hedhi,Grace_055.mp4,Grace,55,25,30.0,0.833,1024,680,True,hedhi__Grace_055
/Volumes/MacX/Sw/raw_videos/hedhi/Grace_056.mp4,hedhi,Grace_056.mp4,Grace,56,21,30.0,0.7,1024,680,True,hedhi__Grace_056
/Volumes/MacX/Sw/raw_videos/hedhi/Grace_057.mp4,hedhi,Grace_057.mp4,Grace,57,19,30.0,0.633,1024,680,True,hedhi__Grace_057
/Volumes/MacX/Sw/raw_videos/hedhi/Grace_058.mp4,hedhi,Grace_058.mp4,Grace,58,24,30.0,0.8,1024,680,True,hedhi__Grace_058
/Volumes/MacX/Sw/raw_videos/hedhi/Grace_059.mp4,hedhi,Grace_059.mp4,Grace,59,34,30.0,1.133,1024,680,True,hedhi__Grace_059
/Volumes/MacX/Sw/raw_videos/hedhi/Grace_060.mp4,hedhi,Grace_060.mp4,Grace,60,25,30.0,0.833,1024,680,True,hedhi__Grace_060
/Volumes/MacX/Sw/raw_videos/hedhi/Grace_061.mp4,hedhi,Grace_061.mp4,Grace,61,31,30.0,1.033,1024,680,True,hedhi__Grace_061
/Volumes/MacX/Sw/raw_videos/kula/Britney_001.mp4,kula,Britney_001.mp4,Britney,1,23,30.0,0.767,1024,680,True,kula__Britney_001
/Volumes/MacX/Sw/raw_videos/kula/Britney_002.mp4,kula,Britney_002.mp4,Britney,2,32,30.0,1.067,1024,680,True,kula__Britney_002
/Volumes/MacX/Sw/raw_videos/kula/Britney_003.mp4,kula,Britney_003.mp4,Britney,3,21,30.0,0.7,1024,680,True,kula__Britney_003
/Volumes/MacX/Sw/raw_videos/kula/Britney_004.mp4,kula,Britney_004.mp4,Britney,4,19,30.0,0.633,1024,680,True,kula__Britney_004
/Volumes/MacX/Sw/raw_videos/kula/Britney_006.mp4,kula,Britney_006.mp4,Britney,6,19,30.0,0.633,1024,680,True,kula__Britney_006
/Volumes/MacX/Sw/raw_videos/kula/Britney_007.mp4,kula,Britney_007.mp4,Britney,7,26,30.0,0.867,1024,680,True,kula__Britney_007
/Volumes/MacX/Sw/raw_videos/kula/Britney_008.mp4,kula,Britney_008.mp4,Britney,8,17,30.0,0.567,1024,680,True,kula__Britney_008
/Volumes/MacX/Sw/raw_videos/kula/Britney_009.mp4,kula,Britney_009.mp4,Britney,9,15,30.0,0.5,1024,680,True,kula__Britney_009
/Volumes/MacX/Sw/raw_videos/kula/Britney_010.mp4,kula,Britney_010.mp4,Britney,10,21,30.0,0.7,1024,680,True,kula__Britney_010
/Volumes/MacX/Sw/raw_videos/kula/Britney_011.mp4,kula,Britney_011.mp4,Britney,11,17,30.0,0.567,1024,680,True,kula__Britney_011
/Volumes/MacX/Sw/raw_videos/kula/Britney_012.mp4,kula,Britney_012.mp4,Britney,12,18,30.0,0.6,1024,680,True,kula__Britney_012
/Volumes/MacX/Sw/raw_videos/kula/Britney_013.mp4,kula,Britney_013.mp4,Britney,13,20,30.0,0.667,1024,680,True,kula__Britney_013
/Volumes/MacX/Sw/raw_videos/kula/Britney_014.mp4,kula,Britney_014.mp4,Britney,14,18,30.0,0.6,1024,680,True,kula__Britney_014
/Volumes/MacX/Sw/raw_videos/kula/Britney_015.mp4,kula,Britney_015.mp4,Britney,15,20,30.0,0.667,1024,680,True,kula__Britney_015
/Volumes/MacX/Sw/raw_videos/kula/Britney_016.mp4,kula,Britney_016.mp4,Britney,16,15,30.0,0.5,1024,680,True,kula__Britney_016
/Volumes/MacX/Sw/raw_videos/kula/Britney_017.mp4,kula,Britney_017.mp4,Britney,17,17,30.0,0.567,1024,680,True,kula__Britney_017
/Volumes/MacX/Sw/raw_videos/kula/Britney_018.mp4,kula,Britney_018.mp4,Britney,18,15,30.0,0.5,1024,680,True,kula__Britney_018
/Volumes/MacX/Sw/raw_videos/kula/Britney_019.mp4,kula,Britney_019.mp4,Britney,19,17,30.0,0.567,1024,680,True,kula__Britney_019
/Volumes/MacX/Sw/raw_videos/kula/Britney_020.mp4,kula,Britney_020.mp4,Britney,20,15,30.0,0.5,1024,680,True,kula__Britney_020
/Volumes/MacX/Sw/raw_videos/kula/Britney_021.mp4,kula,Britney_021.mp4,Britney,21,21,30.0,0.7,1024,680,True,kula__Britney_021
/Volumes/MacX/Sw/raw_videos/kula/Britney_022.mp4,kula,Britney_022.mp4,Britney,22,21,30.0,0.7,1024,680,True,kula__Britney_022
/Volumes/MacX/Sw/raw_videos/kula/Britney_023.mp4,kula,Britney_023.mp4,Britney,23,15,30.0,0.5,1024,680,True,kula__Britney_023
/Volumes/MacX/Sw/raw_videos/kula/Britney_024.mp4,kula,Britney_024.mp4,Britney,24,17,30.0,0.567,1024,680,True,kula__Britney_024
/Volumes/MacX/Sw/raw_videos/kula/Britney_025.mp4,kula,Britney_025.mp4,Britney,25,27,30.0,0.9,1024,680,True,kula__Britney_025
/Volumes/MacX/Sw/raw_videos/kula/Britney_026.mp4,kula,Britney_026.mp4,Britney,26,21,30.0,0.7,1024,680,True,kula__Britney_026
/Volumes/MacX/Sw/raw_videos/kula/Britney_027.mp4,kula,Britney_027.mp4,Britney,27,17,30.0,0.567,1024,680,True,kula__Britney_027
/Volumes/MacX/Sw/raw_videos/kula/Britney_028.mp4,kula,Britney_028.mp4,Britney,28,21,30.0,0.7,1024,680,True,kula__Britney_028
/Volumes/MacX/Sw/raw_videos/kula/Britney_029.mp4,kula,Britney_029.mp4,Britney,29,16,30.0,0.533,1024,680,True,kula__Britney_029
/Volumes/MacX/Sw/raw_videos/kula/Britney_030.mp4,kula,Britney_030.mp4,Britney,30,19,30.0,0.633,1024,680,True,kula__Britney_030
/Volumes/MacX/Sw/raw_videos/kula/Britney_031.mp4,kula,Britney_031.mp4,Britney,31,22,30.0,0.733,1024,680,True,kula__Britney_031
/Volumes/MacX/Sw/raw_videos/kula/Britney_032.mp4,kula,Britney_032.mp4,Britney,32,19,30.0,0.633,1024,680,True,kula__Britney_032
/Volumes/MacX/Sw/raw_videos/kula/Britney_033.mp4,kula,Britney_033.mp4,Britney,33,20,30.0,0.667,1024,680,True,kula__Britney_033
/Volumes/MacX/Sw/raw_videos/kula/Britney_034.mp4,kula,Britney_034.mp4,Britney,34,20,30.0,0.667,1024,680,True,kula__Britney_034
/Volumes/MacX/Sw/raw_videos/kula/Britney_035.mp4,kula,Britney_035.mp4,Britney,35,19,30.0,0.633,1024,680,True,kula__Britney_035
/Volumes/MacX/Sw/raw_videos/kula/Britney_036.mp4,kula,Britney_036.mp4,Britney,36,22,30.0,0.733,1024,680,True,kula__Britney_036
/Volumes/MacX/Sw/raw_videos/kula/Britney_037.mp4,kula,Britney_037.mp4,Britney,37,22,30.0,0.733,1024,680,True,kula__Britney_037
/Volumes/MacX/Sw/raw_videos/kula/Britney_038.mp4,kula,Britney_038.mp4,Britney,38,18,30.0,0.6,1024,680,True,kula__Britney_038
/Volumes/MacX/Sw/raw_videos/kula/Britney_039.mp4,kula,Britney_039.mp4,Britney,39,20,30.0,0.667,1024,680,True,kula__Britney_039
/Volumes/MacX/Sw/raw_videos/kula/Britney_040.mp4,kula,Britney_040.mp4,Britney,40,19,30.0,0.633,1024,680,True,kula__Britney_040
/Volumes/MacX/Sw/raw_videos/kula/Britney_041.mp4,kula,Britney_041.mp4,Britney,41,18,30.0,0.6,1024,680,True,kula__Britney_041
/Volumes/MacX/Sw/raw_videos/kula/Britney_042.mp4,kula,Britney_042.mp4,Britney,42,18,30.0,0.6,1024,680,True,kula__Britney_042
/Volumes/MacX/Sw/raw_videos/kula/Britney_043.mp4,kula,Britney_043.mp4,Britney,43,16,30.0,0.533,1024,680,True,kula__Britney_043
/Volumes/MacX/Sw/raw_videos/kula/Britney_044.mp4,kula,Britney_044.mp4,Britney,44,17,30.0,0.567,1024,680,True,kula__Britney_044
/Volumes/MacX/Sw/raw_videos/kula/Britney_045.mp4,kula,Britney_045.mp4,Britney,45,17,30.0,0.567,1024,680,True,kula__Britney_045
/Volumes/MacX/Sw/raw_videos/kula/Britney_046.mp4,kula,Britney_046.mp4,Britney,46,19,30.0,0.633,1024,680,True,kula__Britney_046
/Volumes/MacX/Sw/raw_videos/kula/Britney_047.mp4,kula,Britney_047.mp4,Britney,47,16,30.0,0.533,1024,680,True,kula__Britney_047
/Volumes/MacX/Sw/raw_videos/kula/Britney_048.mp4,kula,Britney_048.mp4,Britney,48,16,30.0,0.533,1024,680,True,kula__Britney_048
/Volumes/MacX/Sw/raw_videos/kula/Britney_049.mp4,kula,Britney_049.mp4,Britney,49,15,30.0,0.5,1024,680,True,kula__Britney_049
/Volumes/MacX/Sw/raw_videos/kula/Britney_050.mp4,kula,Britney_050.mp4,Britney,50,20,30.0,0.667,1024,680,True,kula__Britney_050
/Volumes/MacX/Sw/raw_videos/kula/Britney_051.mp4,kula,Britney_051.mp4,Britney,51,16,30.0,0.533,1024,680,True,kula__Britney_051
/Volumes/MacX/Sw/raw_videos/kula/Britney_052.mp4,kula,Britney_052.mp4,Britney,52,15,30.0,0.5,1024,680,True,kula__Britney_052
/Volumes/MacX/Sw/raw_videos/kula/Britney_053.mp4,kula,Britney_053.mp4,Britney,53,15,30.0,0.5,1024,680,True,kula__Britney_053
/Volumes/MacX/Sw/raw_videos/kula/Britney_054.mp4,kula,Britney_054.mp4,Britney,54,16,30.0,0.533,1024,680,True,kula__Britney_054
/Volumes/MacX/Sw/raw_videos/kula/Britney_055.mp4,kula,Britney_055.mp4,Britney,55,20,30.0,0.667,1024,680,True,kula__Britney_055
/Volumes/MacX/Sw/raw_videos/kula/Britney_056.mp4,kula,Britney_056.mp4,Britney,56,18,30.0,0.6,1024,680,True,kula__Britney_056
/Volumes/MacX/Sw/raw_videos/kula/Britney_057.mp4,kula,Britney_057.mp4,Britney,57,21,30.0,0.7,1024,680,True,kula__Britney_057
/Volumes/MacX/Sw/raw_videos/kula/Britney_058.mp4,kula,Britney_058.mp4,Britney,58,35,30.0,1.167,1024,680,True,kula__Britney_058
/Volumes/MacX/Sw/raw_videos/kula/Britney_059.mp4,kula,Britney_059.mp4,Britney,59,20,30.0,0.667,1024,680,True,kula__Britney_059
/Volumes/MacX/Sw/raw_videos/kula/Britney_060.mp4,kula,Britney_060.mp4,Britney,60,16,30.0,0.533,1024,680,True,kula__Britney_060
/Volumes/MacX/Sw/raw_videos/kula/Britney_061.mp4,kula,Britney_061.mp4,Britney,61,19,30.0,0.633,1024,680,True,kula__Britney_061
/Volumes/MacX/Sw/raw_videos/kula/Grace_001.mp4,kula,Grace_001.mp4,Grace,1,16,30.0,0.533,1024,680,True,kula__Grace_001
/Volumes/MacX/Sw/raw_videos/kula/Grace_002.mp4,kula,Grace_002.mp4,Grace,2,15,30.0,0.5,1024,680,True,kula__Grace_002
/Volumes/MacX/Sw/raw_videos/kula/Grace_003.mp4,kula,Grace_003.mp4,Grace,3,19,30.0,0.633,1024,680,True,kula__Grace_003
/Volumes/MacX/Sw/raw_videos/kula/Grace_004.mp4,kula,Grace_004.mp4,Grace,4,18,30.0,0.6,1024,680,True,kula__Grace_004
/Volumes/MacX/Sw/raw_videos/kula/Grace_005.mp4,kula,Grace_005.mp4,Grace,5,16,30.0,0.533,1024,680,True,kula__Grace_005
/Volumes/MacX/Sw/raw_videos/kula/Grace_006.mp4,kula,Grace_006.mp4,Grace,6,17,30.0,0.567,1024,680,True,kula__Grace_006
/Volumes/MacX/Sw/raw_videos/kula/Grace_007.mp4,kula,Grace_007.mp4,Grace,7,25,30.0,0.833,1024,680,True,kula__Grace_007
/Volumes/MacX/Sw/raw_videos/kula/Grace_008.mp4,kula,Grace_008.mp4,Grace,8,22,30.0,0.733,1024,680,True,kula__Grace_008
/Volumes/MacX/Sw/raw_videos/kula/Grace_009.mp4,kula,Grace_009.mp4,Grace,9,23,30.0,0.767,1024,680,True,kula__Grace_009
/Volumes/MacX/Sw/raw_videos/kula/Grace_010.mp4,kula,Grace_010.mp4,Grace,10,19,30.0,0.633,1024,680,True,kula__Grace_010
/Volumes/MacX/Sw/raw_videos/kula/Grace_011.mp4,kula,Grace_011.mp4,Grace,11,19,30.0,0.633,1024,680,True,kula__Grace_011
/Volumes/MacX/Sw/raw_videos/kula/Grace_012.mp4,kula,Grace_012.mp4,Grace,12,19,30.0,0.633,1024,680,True,kula__Grace_012
/Volumes/MacX/Sw/raw_videos/kula/Grace_013.mp4,kula,Grace_013.mp4,Grace,13,16,30.0,0.533,1024,680,True,kula__Grace_013
/Volumes/MacX/Sw/raw_videos/kula/Grace_014.mp4,kula,Grace_014.mp4,Grace,14,20,30.0,0.667,1024,680,True,kula__Grace_014
/Volumes/MacX/Sw/raw_videos/kula/Grace_015.mp4,kula,Grace_015.mp4,Grace,15,17,30.0,0.567,1024,680,True,kula__Grace_015
/Volumes/MacX/Sw/raw_videos/kula/Grace_016.mp4,kula,Grace_016.mp4,Grace,16,17,30.0,0.567,1024,680,True,kula__Grace_016
/Volumes/MacX/Sw/raw_videos/kula/Grace_017.mp4,kula,Grace_017.mp4,Grace,17,20,30.0,0.667,1024,680,True,kula__Grace_017
/Volumes/MacX/Sw/raw_videos/kula/Grace_018.mp4,kula,Grace_018.mp4,Grace,18,22,30.0,0.733,1024,680,True,kula__Grace_018
/Volumes/MacX/Sw/raw_videos/kula/Grace_019.mp4,kula,Grace_019.mp4,Grace,19,17,30.0,0.567,1024,680,True,kula__Grace_019
/Volumes/MacX/Sw/raw_videos/kula/Grace_020.mp4,kula,Grace_020.mp4,Grace,20,26,30.0,0.867,1024,680,True,kula__Grace_020
/Volumes/MacX/Sw/raw_videos/kula/Grace_021.mp4,kula,Grace_021.mp4,Grace,21,19,30.0,0.633,1024,680,True,kula__Grace_021
/Volumes/MacX/Sw/raw_videos/kula/Grace_022.mp4,kula,Grace_022.mp4,Grace,22,15,30.0,0.5,1024,680,True,kula__Grace_022
/Volumes/MacX/Sw/raw_videos/kula/Grace_023.mp4,kula,Grace_023.mp4,Grace,23,18,30.0,0.6,1024,680,True,kula__Grace_023
/Volumes/MacX/Sw/raw_videos/kula/Grace_024.mp4,kula,Grace_024.mp4,Grace,24,19,30.0,0.633,1024,680,True,kula__Grace_024
/Volumes/MacX/Sw/raw_videos/kula/Grace_025.mp4,kula,Grace_025.mp4,Grace,25,18,30.0,0.6,1024,680,True,kula__Grace_025
/Volumes/MacX/Sw/raw_videos/kula/Grace_026.mp4,kula,Grace_026.mp4,Grace,26,21,30.0,0.7,1024,680,True,kula__Grace_026
/Volumes/MacX/Sw/raw_videos/kula/Grace_027.mp4,kula,Grace_027.mp4,Grace,27,21,30.0,0.7,1024,680,True,kula__Grace_027
/Volumes/MacX/Sw/raw_videos/kula/Grace_028.mp4,kula,Grace_028.mp4,Grace,28,22,30.0,0.733,1024,680,True,kula__Grace_028
/Volumes/MacX/Sw/raw_videos/kula/Grace_029.mp4,kula,Grace_029.mp4,Grace,29,22,30.0,0.733,1024,680,True,kula__Grace_029
/Volumes/MacX/Sw/raw_videos/kula/Grace_030.mp4,kula,Grace_030.mp4,Grace,30,22,30.0,0.733,1024,680,True,kula__Grace_030
/Volumes/MacX/Sw/raw_videos/kula/Grace_031.mp4,kula,Grace_031.mp4,Grace,31,20,30.0,0.667,1024,680,True,kula__Grace_031
/Volumes/MacX/Sw/raw_videos/kula/Grace_032.mp4,kula,Grace_032.mp4,Grace,32,17,30.0,0.567,1024,680,True,kula__Grace_032
/Volumes/MacX/Sw/raw_videos/kula/Grace_033.mp4,kula,Grace_033.mp4,Grace,33,22,30.0,0.733,1024,680,True,kula__Grace_033
/Volumes/MacX/Sw/raw_videos/kula/Grace_034.mp4,kula,Grace_034.mp4,Grace,34,23,30.0,0.767,1024,680,True,kula__Grace_034
/Volumes/MacX/Sw/raw_videos/kula/Grace_035.mp4,kula,Grace_035.mp4,Grace,35,19,30.0,0.633,1024,680,True,kula__Grace_035
/Volumes/MacX/Sw/raw_videos/kula/Grace_036.mp4,kula,Grace_036.mp4,Grace,36,19,30.0,0.633,1024,680,True,kula__Grace_036
/Volumes/MacX/Sw/raw_videos/kula/Grace_037.mp4,kula,Grace_037.mp4,Grace,37,23,30.0,0.767,1024,680,True,kula__Grace_037
/Volumes/MacX/Sw/raw_videos/kula/Grace_038.mp4,kula,Grace_038.mp4,Grace,38,23,30.0,0.767,1024,680,True,kula__Grace_038
/Volumes/MacX/Sw/raw_videos/kula/Grace_039.mp4,kula,Grace_039.mp4,Grace,39,20,30.0,0.667,1024,680,True,kula__Grace_039
/Volumes/MacX/Sw/raw_videos/kula/Grace_040.mp4,kula,Grace_040.mp4,Grace,40,26,30.0,0.867,1024,680,True,kula__Grace_040
/Volumes/MacX/Sw/raw_videos/kula/Grace_041.mp4,kula,Grace_041.mp4,Grace,41,28,30.0,0.933,1024,680,True,kula__Grace_041
/Volumes/MacX/Sw/raw_videos/kula/Grace_042.mp4,kula,Grace_042.mp4,Grace,42,21,30.0,0.7,1024,680,True,kula__Grace_042
/Volumes/MacX/Sw/raw_videos/kula/Grace_043.mp4,kula,Grace_043.mp4,Grace,43,24,30.0,0.8,1024,680,True,kula__Grace_043
/Volumes/MacX/Sw/raw_videos/kula/Grace_044.mp4,kula,Grace_044.mp4,Grace,44,24,30.0,0.8,1024,680,True,kula__Grace_044
/Volumes/MacX/Sw/raw_videos/kula/Grace_045.mp4,kula,Grace_045.mp4,Grace,45,23,30.0,0.767,1024,680,True,kula__Grace_045
/Volumes/MacX/Sw/raw_videos/kula/Grace_046.mp4,kula,Grace_046.mp4,Grace,46,21,30.0,0.7,1024,680,True,kula__Grace_046
/Volumes/MacX/Sw/raw_videos/kula/Grace_047.mp4,kula,Grace_047.mp4,Grace,47,19,30.0,0.633,1024,680,True,kula__Grace_047
/Volumes/MacX/Sw/raw_videos/kula/Grace_048.mp4,kula,Grace_048.mp4,Grace,48,24,30.0,0.8,1024,680,True,kula__Grace_048
/Volumes/MacX/Sw/raw_videos/kula/Grace_049.mp4,kula,Grace_049.mp4,Grace,49,25,30.0,0.833,1024,680,True,kula__Grace_049
/Volumes/MacX/Sw/raw_videos/kula/Grace_050.mp4,kula,Grace_050.mp4,Grace,50,26,30.0,0.867,1024,680,True,kula__Grace_050
/Volumes/MacX/Sw/raw_videos/kula/Grace_051.mp4,kula,Grace_051.mp4,Grace,51,23,30.0,0.767,1024,680,True,kula__Grace_051
/Volumes/MacX/Sw/raw_videos/kula/Grace_052.mp4,kula,Grace_052.mp4,Grace,52,22,30.0,0.733,1024,680,True,kula__Grace_052
/Volumes/MacX/Sw/raw_videos/kula/Grace_053.mp4,kula,Grace_053.mp4,Grace,53,29,30.0,0.967,1024,680,True,kula__Grace_053
/Volumes/MacX/Sw/raw_videos/kula/Grace_054.mp4,kula,Grace_054.mp4,Grace,54,19,30.0,0.633,1024,680,True,kula__Grace_054
/Volumes/MacX/Sw/raw_videos/kula/Grace_055.mp4,kula,Grace_055.mp4,Grace,55,20,30.0,0.667,1024,680,True,kula__Grace_055
/Volumes/MacX/Sw/raw_videos/kula/Grace_056.mp4,kula,Grace_056.mp4,Grace,56,23,30.0,0.767,1024,680,True,kula__Grace_056
/Volumes/MacX/Sw/raw_videos/kula/Grace_057.mp4,kula,Grace_057.mp4,Grace,57,20,30.0,0.667,1024,680,True,kula__Grace_057
/Volumes/MacX/Sw/raw_videos/kula/Grace_058.mp4,kula,Grace_058.mp4,Grace,58,18,30.0,0.6,1024,680,True,kula__Grace_058
/Volumes/MacX/Sw/raw_videos/kula/Grace_059.mp4,kula,Grace_059.mp4,Grace,59,16,30.0,0.533,1024,680,True,kula__Grace_059
/Volumes/MacX/Sw/raw_videos/mama/Britney_002.mp4,mama,Britney_002.mp4,Britney,2,16,30.0,0.533,1024,680,True,mama__Britney_002
/Volumes/MacX/Sw/raw_videos/mama/Britney_003.mp4,mama,Britney_003.mp4,Britney,3,19,30.0,0.633,1024,680,True,mama__Britney_003
/Volumes/MacX/Sw/raw_videos/mama/Britney_004.mp4,mama,Britney_004.mp4,Britney,4,16,30.0,0.533,1024,680,True,mama__Britney_004
/Volumes/MacX/Sw/raw_videos/mama/Britney_005.mp4,mama,Britney_005.mp4,Britney,5,21,30.0,0.7,1024,680,True,mama__Britney_005
/Volumes/MacX/Sw/raw_videos/mama/Britney_006.mp4,mama,Britney_006.mp4,Britney,6,18,30.0,0.6,1024,680,True,mama__Britney_006
/Volumes/MacX/Sw/raw_videos/mama/Britney_007.mp4,mama,Britney_007.mp4,Britney,7,21,30.0,0.7,1024,680,True,mama__Britney_007
/Volumes/MacX/Sw/raw_videos/mama/Britney_008.mp4,mama,Britney_008.mp4,Britney,8,33,30.0,1.1,1024,680,True,mama__Britney_008
/Volumes/MacX/Sw/raw_videos/mama/Britney_009.mp4,mama,Britney_009.mp4,Britney,9,131,30.0,4.367,1024,680,True,mama__Britney_009
/Volumes/MacX/Sw/raw_videos/mama/Britney_010.mp4,mama,Britney_010.mp4,Britney,10,26,30.0,0.867,1024,680,True,mama__Britney_010
/Volumes/MacX/Sw/raw_videos/mama/Britney_011.mp4,mama,Britney_011.mp4,Britney,11,16,30.0,0.533,1024,680,True,mama__Britney_011
/Volumes/MacX/Sw/raw_videos/mama/Britney_012.mp4,mama,Britney_012.mp4,Britney,12,17,30.0,0.567,1024,680,True,mama__Britney_012
/Volumes/MacX/Sw/raw_videos/mama/Britney_013.mp4,mama,Britney_013.mp4,Britney,13,17,30.0,0.567,1024,680,True,mama__Britney_013
/Volumes/MacX/Sw/raw_videos/mama/Britney_014.mp4,mama,Britney_014.mp4,Britney,14,21,30.0,0.7,1024,680,True,mama__Britney_014
/Volumes/MacX/Sw/raw_videos/mama/Britney_015.mp4,mama,Britney_015.mp4,Britney,15,18,30.0,0.6,1024,680,True,mama__Britney_015
/Volumes/MacX/Sw/raw_videos/mama/Britney_016.mp4,mama,Britney_016.mp4,Britney,16,17,30.0,0.567,1024,680,True,mama__Britney_016
/Volumes/MacX/Sw/raw_videos/mama/Britney_017.mp4,mama,Britney_017.mp4,Britney,17,18,30.0,0.6,1024,680,True,mama__Britney_017
/Volumes/MacX/Sw/raw_videos/mama/Britney_018.mp4,mama,Britney_018.mp4,Britney,18,17,30.0,0.567,1024,680,True,mama__Britney_018
/Volumes/MacX/Sw/raw_videos/mama/Britney_019.mp4,mama,Britney_019.mp4,Britney,19,22,30.0,0.733,1024,680,True,mama__Britney_019
/Volumes/MacX/Sw/raw_videos/mama/Britney_020.mp4,mama,Britney_020.mp4,Britney,20,21,30.0,0.7,1024,680,True,mama__Britney_020
/Volumes/MacX/Sw/raw_videos/mama/Britney_021.mp4,mama,Britney_021.mp4,Britney,21,17,30.0,0.567,1024,680,True,mama__Britney_021
/Volumes/MacX/Sw/raw_videos/mama/Britney_022.mp4,mama,Britney_022.mp4,Britney,22,21,30.0,0.7,1024,680,True,mama__Britney_022
/Volumes/MacX/Sw/raw_videos/mama/Britney_023.mp4,mama,Britney_023.mp4,Britney,23,17,30.0,0.567,1024,680,True,mama__Britney_023
/Volumes/MacX/Sw/raw_videos/mama/Britney_024.mp4,mama,Britney_024.mp4,Britney,24,17,30.0,0.567,1024,680,True,mama__Britney_024
/Volumes/MacX/Sw/raw_videos/mama/Britney_025.mp4,mama,Britney_025.mp4,Britney,25,18,30.0,0.6,1024,680,True,mama__Britney_025
/Volumes/MacX/Sw/raw_videos/mama/Britney_026.mp4,mama,Britney_026.mp4,Britney,26,22,30.0,0.733,1024,680,True,mama__Britney_026
/Volumes/MacX/Sw/raw_videos/mama/Britney_027.mp4,mama,Britney_027.mp4,Britney,27,17,30.0,0.567,1024,680,True,mama__Britney_027
/Volumes/MacX/Sw/raw_videos/mama/Britney_028.mp4,mama,Britney_028.mp4,Britney,28,18,30.0,0.6,1024,680,True,mama__Britney_028
/Volumes/MacX/Sw/raw_videos/mama/Britney_029.mp4,mama,Britney_029.mp4,Britney,29,20,30.0,0.667,1024,680,True,mama__Britney_029
/Volumes/MacX/Sw/raw_videos/mama/Britney_030.mp4,mama,Britney_030.mp4,Britney,30,22,30.0,0.733,1024,680,True,mama__Britney_030
/Volumes/MacX/Sw/raw_videos/mama/Britney_031.mp4,mama,Britney_031.mp4,Britney,31,20,30.0,0.667,1024,680,True,mama__Britney_031
/Volumes/MacX/Sw/raw_videos/mama/Britney_032.mp4,mama,Britney_032.mp4,Britney,32,23,30.0,0.767,1024,680,True,mama__Britney_032
/Volumes/MacX/Sw/raw_videos/mama/Britney_033.mp4,mama,Britney_033.mp4,Britney,33,20,30.0,0.667,1024,680,True,mama__Britney_033
/Volumes/MacX/Sw/raw_videos/mama/Britney_034.mp4,mama,Britney_034.mp4,Britney,34,22,30.0,0.733,1024,680,True,mama__Britney_034
/Volumes/MacX/Sw/raw_videos/mama/Britney_035.mp4,mama,Britney_035.mp4,Britney,35,24,30.0,0.8,1024,680,True,mama__Britney_035
/Volumes/MacX/Sw/raw_videos/mama/Britney_036.mp4,mama,Britney_036.mp4,Britney,36,21,30.0,0.7,1024,680,True,mama__Britney_036
/Volumes/MacX/Sw/raw_videos/mama/Britney_037.mp4,mama,Britney_037.mp4,Britney,37,30,30.0,1.0,1024,680,True,mama__Britney_037
/Volumes/MacX/Sw/raw_videos/mama/Britney_038.mp4,mama,Britney_038.mp4,Britney,38,20,30.0,0.667,1024,680,True,mama__Britney_038
/Volumes/MacX/Sw/raw_videos/mama/Britney_039.mp4,mama,Britney_039.mp4,Britney,39,34,30.0,1.133,1024,680,True,mama__Britney_039
/Volumes/MacX/Sw/raw_videos/mama/Britney_040.mp4,mama,Britney_040.mp4,Britney,40,26,30.0,0.867,1024,680,True,mama__Britney_040
/Volumes/MacX/Sw/raw_videos/mama/Britney_041.mp4,mama,Britney_041.mp4,Britney,41,18,30.0,0.6,1024,680,True,mama__Britney_041
/Volumes/MacX/Sw/raw_videos/mama/Britney_042.mp4,mama,Britney_042.mp4,Britney,42,17,30.0,0.567,1024,680,True,mama__Britney_042
/Volumes/MacX/Sw/raw_videos/mama/Britney_043.mp4,mama,Britney_043.mp4,Britney,43,26,30.0,0.867,1024,680,True,mama__Britney_043
/Volumes/MacX/Sw/raw_videos/mama/Britney_044.mp4,mama,Britney_044.mp4,Britney,44,20,30.0,0.667,1024,680,True,mama__Britney_044
/Volumes/MacX/Sw/raw_videos/mama/Britney_045.mp4,mama,Britney_045.mp4,Britney,45,16,30.0,0.533,1024,680,True,mama__Britney_045
/Volumes/MacX/Sw/raw_videos/mama/Britney_046.mp4,mama,Britney_046.mp4,Britney,46,18,30.0,0.6,1024,680,True,mama__Britney_046
/Volumes/MacX/Sw/raw_videos/mama/Britney_047.mp4,mama,Britney_047.mp4,Britney,47,20,30.0,0.667,1024,680,True,mama__Britney_047
/Volumes/MacX/Sw/raw_videos/mama/Britney_048.mp4,mama,Britney_048.mp4,Britney,48,18,30.0,0.6,1024,680,True,mama__Britney_048
/Volumes/MacX/Sw/raw_videos/mama/Britney_049.mp4,mama,Britney_049.mp4,Britney,49,22,30.0,0.733,1024,680,True,mama__Britney_049
/Volumes/MacX/Sw/raw_videos/mama/Britney_050.mp4,mama,Britney_050.mp4,Britney,50,23,30.0,0.767,1024,680,True,mama__Britney_050
/Volumes/MacX/Sw/raw_videos/mama/Britney_051.mp4,mama,Britney_051.mp4,Britney,51,29,30.0,0.967,1024,680,True,mama__Britney_051
/Volumes/MacX/Sw/raw_videos/mama/Britney_052.mp4,mama,Britney_052.mp4,Britney,52,25,30.0,0.833,1024,680,True,mama__Britney_052
/Volumes/MacX/Sw/raw_videos/mama/Britney_053.mp4,mama,Britney_053.mp4,Britney,53,23,30.0,0.767,1024,680,True,mama__Britney_053
/Volumes/MacX/Sw/raw_videos/mama/Britney_054.mp4,mama,Britney_054.mp4,Britney,54,25,30.0,0.833,1024,680,True,mama__Britney_054
/Volumes/MacX/Sw/raw_videos/mama/Britney_055.mp4,mama,Britney_055.mp4,Britney,55,23,30.0,0.767,1024,680,True,mama__Britney_055
/Volumes/MacX/Sw/raw_videos/mama/Britney_056.mp4,mama,Britney_056.mp4,Britney,56,21,30.0,0.7,1024,680,True,mama__Britney_056
/Volumes/MacX/Sw/raw_videos/mama/Britney_057.mp4,mama,Britney_057.mp4,Britney,57,28,30.0,0.933,1024,680,True,mama__Britney_057
/Volumes/MacX/Sw/raw_videos/mama/Britney_058.mp4,mama,Britney_058.mp4,Britney,58,22,30.0,0.733,1024,680,True,mama__Britney_058
/Volumes/MacX/Sw/raw_videos/mama/Britney_059.mp4,mama,Britney_059.mp4,Britney,59,24,30.0,0.8,1024,680,True,mama__Britney_059
/Volumes/MacX/Sw/raw_videos/mama/Britney_060.mp4,mama,Britney_060.mp4,Britney,60,24,30.0,0.8,1024,680,True,mama__Britney_060
/Volumes/MacX/Sw/raw_videos/mama/Britney_061.mp4,mama,Britney_061.mp4,Britney,61,28,30.0,0.933,1024,680,True,mama__Britney_061
/Volumes/MacX/Sw/raw_videos/mama/Grace_001.mp4,mama,Grace_001.mp4,Grace,1,20,30.0,0.667,1024,680,True,mama__Grace_001
/Volumes/MacX/Sw/raw_videos/mama/Grace_002.mp4,mama,Grace_002.mp4,Grace,2,25,30.0,0.833,1024,680,True,mama__Grace_002
/Volumes/MacX/Sw/raw_videos/mama/Grace_003.mp4,mama,Grace_003.mp4,Grace,3,15,30.0,0.5,1024,680,True,mama__Grace_003
/Volumes/MacX/Sw/raw_videos/mama/Grace_004.mp4,mama,Grace_004.mp4,Grace,4,29,30.0,0.967,1024,680,True,mama__Grace_004
/Volumes/MacX/Sw/raw_videos/mama/Grace_005.mp4,mama,Grace_005.mp4,Grace,5,22,30.0,0.733,1024,680,True,mama__Grace_005
/Volumes/MacX/Sw/raw_videos/mama/Grace_006.mp4,mama,Grace_006.mp4,Grace,6,24,30.0,0.8,1024,680,True,mama__Grace_006
/Volumes/MacX/Sw/raw_videos/mama/Grace_007.mp4,mama,Grace_007.mp4,Grace,7,23,30.0,0.767,1024,680,True,mama__Grace_007
/Volumes/MacX/Sw/raw_videos/mama/Grace_008.mp4,mama,Grace_008.mp4,Grace,8,19,30.0,0.633,1024,680,True,mama__Grace_008
/Volumes/MacX/Sw/raw_videos/mama/Grace_009.mp4,mama,Grace_009.mp4,Grace,9,19,30.0,0.633,1024,680,True,mama__Grace_009
/Volumes/MacX/Sw/raw_videos/mama/Grace_010.mp4,mama,Grace_010.mp4,Grace,10,20,30.0,0.667,1024,680,True,mama__Grace_010
/Volumes/MacX/Sw/raw_videos/mama/Grace_011.mp4,mama,Grace_011.mp4,Grace,11,20,30.0,0.667,1024,680,True,mama__Grace_011
/Volumes/MacX/Sw/raw_videos/mama/Grace_012.mp4,mama,Grace_012.mp4,Grace,12,29,30.0,0.967,1024,680,True,mama__Grace_012
/Volumes/MacX/Sw/raw_videos/mama/Grace_013.mp4,mama,Grace_013.mp4,Grace,13,27,30.0,0.9,1024,680,True,mama__Grace_013
/Volumes/MacX/Sw/raw_videos/mama/Grace_014.mp4,mama,Grace_014.mp4,Grace,14,31,30.0,1.033,1024,680,True,mama__Grace_014
/Volumes/MacX/Sw/raw_videos/mama/Grace_015.mp4,mama,Grace_015.mp4,Grace,15,22,30.0,0.733,1024,680,True,mama__Grace_015
/Volumes/MacX/Sw/raw_videos/mama/Grace_016.mp4,mama,Grace_016.mp4,Grace,16,24,30.0,0.8,1024,680,True,mama__Grace_016
/Volumes/MacX/Sw/raw_videos/mama/Grace_017.mp4,mama,Grace_017.mp4,Grace,17,19,30.0,0.633,1024,680,True,mama__Grace_017
/Volumes/MacX/Sw/raw_videos/mama/Grace_018.mp4,mama,Grace_018.mp4,Grace,18,21,30.0,0.7,1024,680,True,mama__Grace_018
/Volumes/MacX/Sw/raw_videos/mama/Grace_019.mp4,mama,Grace_019.mp4,Grace,19,25,30.0,0.833,1024,680,True,mama__Grace_019
/Volumes/MacX/Sw/raw_videos/mama/Grace_020.mp4,mama,Grace_020.mp4,Grace,20,23,30.0,0.767,1024,680,True,mama__Grace_020
/Volumes/MacX/Sw/raw_videos/mama/Grace_021.mp4,mama,Grace_021.mp4,Grace,21,28,30.0,0.933,1024,680,True,mama__Grace_021
/Volumes/MacX/Sw/raw_videos/mama/Grace_022.mp4,mama,Grace_022.mp4,Grace,22,24,30.0,0.8,1024,680,True,mama__Grace_022
/Volumes/MacX/Sw/raw_videos/mama/Grace_023.mp4,mama,Grace_023.mp4,Grace,23,27,30.0,0.9,1024,680,True,mama__Grace_023
/Volumes/MacX/Sw/raw_videos/mama/Grace_024.mp4,mama,Grace_024.mp4,Grace,24,23,30.0,0.767,1024,680,True,mama__Grace_024
/Volumes/MacX/Sw/raw_videos/mama/Grace_025.mp4,mama,Grace_025.mp4,Grace,25,27,30.0,0.9,1024,680,True,mama__Grace_025
/Volumes/MacX/Sw/raw_videos/mama/Grace_026.mp4,mama,Grace_026.mp4,Grace,26,25,30.0,0.833,1024,680,True,mama__Grace_026
/Volumes/MacX/Sw/raw_videos/mama/Grace_027.mp4,mama,Grace_027.mp4,Grace,27,20,30.0,0.667,1024,680,True,mama__Grace_027
/Volumes/MacX/Sw/raw_videos/mama/Grace_028.mp4,mama,Grace_028.mp4,Grace,28,25,30.0,0.833,1024,680,True,mama__Grace_028
/Volumes/MacX/Sw/raw_videos/mama/Grace_029.mp4,mama,Grace_029.mp4,Grace,29,21,30.0,0.7,1024,680,True,mama__Grace_029
/Volumes/MacX/Sw/raw_videos/mama/Grace_030.mp4,mama,Grace_030.mp4,Grace,30,21,30.0,0.7,1024,680,True,mama__Grace_030
/Volumes/MacX/Sw/raw_videos/mama/Grace_031.mp4,mama,Grace_031.mp4,Grace,31,28,30.0,0.933,1024,680,True,mama__Grace_031
/Volumes/MacX/Sw/raw_videos/mama/Grace_032.mp4,mama,Grace_032.mp4,Grace,32,25,30.0,0.833,1024,680,True,mama__Grace_032
/Volumes/MacX/Sw/raw_videos/mama/Grace_033.mp4,mama,Grace_033.mp4,Grace,33,22,30.0,0.733,1024,680,True,mama__Grace_033
/Volumes/MacX/Sw/raw_videos/mama/Grace_034.mp4,mama,Grace_034.mp4,Grace,34,23,30.0,0.767,1024,680,True,mama__Grace_034
/Volumes/MacX/Sw/raw_videos/mama/Grace_035.mp4,mama,Grace_035.mp4,Grace,35,24,30.0,0.8,1024,680,True,mama__Grace_035
/Volumes/MacX/Sw/raw_videos/mama/Grace_036.mp4,mama,Grace_036.mp4,Grace,36,21,30.0,0.7,1024,680,True,mama__Grace_036
/Volumes/MacX/Sw/raw_videos/mama/Grace_037.mp4,mama,Grace_037.mp4,Grace,37,22,30.0,0.733,1024,680,True,mama__Grace_037
/Volumes/MacX/Sw/raw_videos/mama/Grace_038.mp4,mama,Grace_038.mp4,Grace,38,28,30.0,0.933,1024,680,True,mama__Grace_038
/Volumes/MacX/Sw/raw_videos/mama/Grace_039.mp4,mama,Grace_039.mp4,Grace,39,25,30.0,0.833,1024,680,True,mama__Grace_039
/Volumes/MacX/Sw/raw_videos/mama/Grace_040.mp4,mama,Grace_040.mp4,Grace,40,24,30.0,0.8,1024,680,True,mama__Grace_040
/Volumes/MacX/Sw/raw_videos/mama/Grace_041.mp4,mama,Grace_041.mp4,Grace,41,26,30.0,0.867,1024,680,True,mama__Grace_041
/Volumes/MacX/Sw/raw_videos/mama/Grace_042.mp4,mama,Grace_042.mp4,Grace,42,26,30.0,0.867,1024,680,True,mama__Grace_042
/Volumes/MacX/Sw/raw_videos/mama/Grace_043.mp4,mama,Grace_043.mp4,Grace,43,32,30.0,1.067,1024,680,True,mama__Grace_043
/Volumes/MacX/Sw/raw_videos/mama/Grace_044.mp4,mama,Grace_044.mp4,Grace,44,22,30.0,0.733,1024,680,True,mama__Grace_044
/Volumes/MacX/Sw/raw_videos/mama/Grace_045.mp4,mama,Grace_045.mp4,Grace,45,19,30.0,0.633,1024,680,True,mama__Grace_045
/Volumes/MacX/Sw/raw_videos/mama/Grace_046.mp4,mama,Grace_046.mp4,Grace,46,20,30.0,0.667,1024,680,True,mama__Grace_046
/Volumes/MacX/Sw/raw_videos/mama/Grace_047.mp4,mama,Grace_047.mp4,Grace,47,27,30.0,0.9,1024,680,True,mama__Grace_047
/Volumes/MacX/Sw/raw_videos/mama/Grace_048.mp4,mama,Grace_048.mp4,Grace,48,23,30.0,0.767,1024,680,True,mama__Grace_048
/Volumes/MacX/Sw/raw_videos/mama/Grace_049.mp4,mama,Grace_049.mp4,Grace,49,26,30.0,0.867,1024,680,True,mama__Grace_049
/Volumes/MacX/Sw/raw_videos/mama/Grace_050.mp4,mama,Grace_050.mp4,Grace,50,24,30.0,0.8,1024,680,True,mama__Grace_050
/Volumes/MacX/Sw/raw_videos/mama/Grace_051.mp4,mama,Grace_051.mp4,Grace,51,22,30.0,0.733,1024,680,True,mama__Grace_051
/Volumes/MacX/Sw/raw_videos/mama/Grace_052.mp4,mama,Grace_052.mp4,Grace,52,18,30.0,0.6,1024,680,True,mama__Grace_052
/Volumes/MacX/Sw/raw_videos/mama/Grace_053.mp4,mama,Grace_053.mp4,Grace,53,21,30.0,0.7,1024,680,True,mama__Grace_053
/Volumes/MacX/Sw/raw_videos/mama/Grace_054.mp4,mama,Grace_054.mp4,Grace,54,26,30.0,0.867,1024,680,True,mama__Grace_054
/Volumes/MacX/Sw/raw_videos/mama/Grace_055.mp4,mama,Grace_055.mp4,Grace,55,21,30.0,0.7,1024,680,True,mama__Grace_055
/Volumes/MacX/Sw/raw_videos/mama/Grace_056.mp4,mama,Grace_056.mp4,Grace,56,31,30.0,1.033,1024,680,True,mama__Grace_056
/Volumes/MacX/Sw/raw_videos/mama/Grace_057.mp4,mama,Grace_057.mp4,Grace,57,24,30.0,0.8,1024,680,True,mama__Grace_057
/Volumes/MacX/Sw/raw_videos/mama/Grace_058.mp4,mama,Grace_058.mp4,Grace,58,33,30.0,1.1,1024,680,True,mama__Grace_058
/Volumes/MacX/Sw/raw_videos/mama/Grace_059.mp4,mama,Grace_059.mp4,Grace,59,26,30.0,0.867,1024,680,True,mama__Grace_059
/Volumes/MacX/Sw/raw_videos/mama/Grace_060.mp4,mama,Grace_060.mp4,Grace,60,28,30.0,0.933,1024,680,True,mama__Grace_060
/Volumes/MacX/Sw/raw_videos/nenda/Britney_002.mp4,nenda,Britney_002.mp4,Britney,2,28,30.0,0.933,1024,680,True,nenda__Britney_002
/Volumes/MacX/Sw/raw_videos/nenda/Britney_003.mp4,nenda,Britney_003.mp4,Britney,3,30,30.0,1.0,1024,680,True,nenda__Britney_003
/Volumes/MacX/Sw/raw_videos/nenda/Britney_004.mp4,nenda,Britney_004.mp4,Britney,4,26,30.0,0.867,1024,680,True,nenda__Britney_004
/Volumes/MacX/Sw/raw_videos/nenda/Britney_005.mp4,nenda,Britney_005.mp4,Britney,5,28,30.0,0.933,1024,680,True,nenda__Britney_005
/Volumes/MacX/Sw/raw_videos/nenda/Britney_006.mp4,nenda,Britney_006.mp4,Britney,6,23,30.0,0.767,1024,680,True,nenda__Britney_006
/Volumes/MacX/Sw/raw_videos/nenda/Britney_007.mp4,nenda,Britney_007.mp4,Britney,7,27,30.0,0.9,1024,680,True,nenda__Britney_007
/Volumes/MacX/Sw/raw_videos/nenda/Britney_008.mp4,nenda,Britney_008.mp4,Britney,8,37,30.0,1.233,1024,680,True,nenda__Britney_008
/Volumes/MacX/Sw/raw_videos/nenda/Britney_009.mp4,nenda,Britney_009.mp4,Britney,9,27,30.0,0.9,1024,680,True,nenda__Britney_009
/Volumes/MacX/Sw/raw_videos/nenda/Britney_010.mp4,nenda,Britney_010.mp4,Britney,10,34,30.0,1.133,1024,680,True,nenda__Britney_010
/Volumes/MacX/Sw/raw_videos/nenda/Britney_011.mp4,nenda,Britney_011.mp4,Britney,11,42,30.0,1.4,1024,680,True,nenda__Britney_011
/Volumes/MacX/Sw/raw_videos/nenda/Britney_012.mp4,nenda,Britney_012.mp4,Britney,12,56,30.0,1.867,1024,680,True,nenda__Britney_012
/Volumes/MacX/Sw/raw_videos/nenda/Britney_013.mp4,nenda,Britney_013.mp4,Britney,13,38,30.0,1.267,1024,680,True,nenda__Britney_013
/Volumes/MacX/Sw/raw_videos/nenda/Britney_014.mp4,nenda,Britney_014.mp4,Britney,14,34,30.0,1.133,1024,680,True,nenda__Britney_014
/Volumes/MacX/Sw/raw_videos/nenda/Britney_015.mp4,nenda,Britney_015.mp4,Britney,15,32,30.0,1.067,1024,680,True,nenda__Britney_015
/Volumes/MacX/Sw/raw_videos/nenda/Britney_016.mp4,nenda,Britney_016.mp4,Britney,16,30,30.0,1.0,1024,680,True,nenda__Britney_016
/Volumes/MacX/Sw/raw_videos/nenda/Britney_017.mp4,nenda,Britney_017.mp4,Britney,17,37,30.0,1.233,1024,680,True,nenda__Britney_017
/Volumes/MacX/Sw/raw_videos/nenda/Britney_018.mp4,nenda,Britney_018.mp4,Britney,18,34,30.0,1.133,1024,680,True,nenda__Britney_018
/Volumes/MacX/Sw/raw_videos/nenda/Britney_019.mp4,nenda,Britney_019.mp4,Britney,19,29,30.0,0.967,1024,680,True,nenda__Britney_019
/Volumes/MacX/Sw/raw_videos/nenda/Britney_020.mp4,nenda,Britney_020.mp4,Britney,20,27,30.0,0.9,1024,680,True,nenda__Britney_020
/Volumes/MacX/Sw/raw_videos/nenda/Britney_021.mp4,nenda,Britney_021.mp4,Britney,21,34,30.0,1.133,1024,680,True,nenda__Britney_021
/Volumes/MacX/Sw/raw_videos/nenda/Britney_022.mp4,nenda,Britney_022.mp4,Britney,22,176,30.0,5.867,1024,680,True,nenda__Britney_022
/Volumes/MacX/Sw/raw_videos/nenda/Britney_023.mp4,nenda,Britney_023.mp4,Britney,23,44,30.0,1.467,1024,680,True,nenda__Britney_023
/Volumes/MacX/Sw/raw_videos/nenda/Britney_024.mp4,nenda,Britney_024.mp4,Britney,24,35,30.0,1.167,1024,680,True,nenda__Britney_024
/Volumes/MacX/Sw/raw_videos/nenda/Britney_025.mp4,nenda,Britney_025.mp4,Britney,25,29,30.0,0.967,1024,680,True,nenda__Britney_025
/Volumes/MacX/Sw/raw_videos/nenda/Britney_026.mp4,nenda,Britney_026.mp4,Britney,26,30,30.0,1.0,1024,680,True,nenda__Britney_026
/Volumes/MacX/Sw/raw_videos/nenda/Britney_027.mp4,nenda,Britney_027.mp4,Britney,27,27,30.0,0.9,1024,680,True,nenda__Britney_027
/Volumes/MacX/Sw/raw_videos/nenda/Britney_028.mp4,nenda,Britney_028.mp4,Britney,28,30,30.0,1.0,1024,680,True,nenda__Britney_028
/Volumes/MacX/Sw/raw_videos/nenda/Britney_029.mp4,nenda,Britney_029.mp4,Britney,29,30,30.0,1.0,1024,680,True,nenda__Britney_029
/Volumes/MacX/Sw/raw_videos/nenda/Britney_030.mp4,nenda,Britney_030.mp4,Britney,30,33,30.0,1.1,1024,680,True,nenda__Britney_030
/Volumes/MacX/Sw/raw_videos/nenda/Britney_031.mp4,nenda,Britney_031.mp4,Britney,31,30,30.0,1.0,1024,680,True,nenda__Britney_031
/Volumes/MacX/Sw/raw_videos/nenda/Britney_032.mp4,nenda,Britney_032.mp4,Britney,32,29,30.0,0.967,1024,680,True,nenda__Britney_032
/Volumes/MacX/Sw/raw_videos/nenda/Britney_033.mp4,nenda,Britney_033.mp4,Britney,33,35,30.0,1.167,1024,680,True,nenda__Britney_033
/Volumes/MacX/Sw/raw_videos/nenda/Britney_034.mp4,nenda,Britney_034.mp4,Britney,34,35,30.0,1.167,1024,680,True,nenda__Britney_034
/Volumes/MacX/Sw/raw_videos/nenda/Britney_035.mp4,nenda,Britney_035.mp4,Britney,35,33,30.0,1.1,1024,680,True,nenda__Britney_035
/Volumes/MacX/Sw/raw_videos/nenda/Britney_036.mp4,nenda,Britney_036.mp4,Britney,36,30,30.0,1.0,1024,680,True,nenda__Britney_036
/Volumes/MacX/Sw/raw_videos/nenda/Britney_037.mp4,nenda,Britney_037.mp4,Britney,37,28,30.0,0.933,1024,680,True,nenda__Britney_037
/Volumes/MacX/Sw/raw_videos/nenda/Britney_038.mp4,nenda,Britney_038.mp4,Britney,38,27,30.0,0.9,1024,680,True,nenda__Britney_038
/Volumes/MacX/Sw/raw_videos/nenda/Britney_039.mp4,nenda,Britney_039.mp4,Britney,39,25,30.0,0.833,1024,680,True,nenda__Britney_039
/Volumes/MacX/Sw/raw_videos/nenda/Britney_040.mp4,nenda,Britney_040.mp4,Britney,40,31,30.0,1.033,1024,680,True,nenda__Britney_040
/Volumes/MacX/Sw/raw_videos/nenda/Britney_041.mp4,nenda,Britney_041.mp4,Britney,41,24,30.0,0.8,1024,680,True,nenda__Britney_041
/Volumes/MacX/Sw/raw_videos/nenda/Britney_042.mp4,nenda,Britney_042.mp4,Britney,42,32,30.0,1.067,1024,680,True,nenda__Britney_042
/Volumes/MacX/Sw/raw_videos/nenda/Britney_043.mp4,nenda,Britney_043.mp4,Britney,43,31,30.0,1.033,1024,680,True,nenda__Britney_043
/Volumes/MacX/Sw/raw_videos/nenda/Britney_044.mp4,nenda,Britney_044.mp4,Britney,44,32,30.0,1.067,1024,680,True,nenda__Britney_044
/Volumes/MacX/Sw/raw_videos/nenda/Britney_045.mp4,nenda,Britney_045.mp4,Britney,45,27,30.0,0.9,1024,680,True,nenda__Britney_045
/Volumes/MacX/Sw/raw_videos/nenda/Britney_046.mp4,nenda,Britney_046.mp4,Britney,46,21,30.0,0.7,1024,680,True,nenda__Britney_046
/Volumes/MacX/Sw/raw_videos/nenda/Britney_047.mp4,nenda,Britney_047.mp4,Britney,47,30,30.0,1.0,1024,680,True,nenda__Britney_047
/Volumes/MacX/Sw/raw_videos/nenda/Britney_048.mp4,nenda,Britney_048.mp4,Britney,48,24,30.0,0.8,1024,680,True,nenda__Britney_048
/Volumes/MacX/Sw/raw_videos/nenda/Britney_049.mp4,nenda,Britney_049.mp4,Britney,49,31,30.0,1.033,1024,680,True,nenda__Britney_049
/Volumes/MacX/Sw/raw_videos/nenda/Britney_050.mp4,nenda,Britney_050.mp4,Britney,50,52,30.0,1.733,1024,680,True,nenda__Britney_050
/Volumes/MacX/Sw/raw_videos/nenda/Britney_051.mp4,nenda,Britney_051.mp4,Britney,51,46,30.0,1.533,1024,680,True,nenda__Britney_051
/Volumes/MacX/Sw/raw_videos/nenda/Britney_052.mp4,nenda,Britney_052.mp4,Britney,52,42,30.0,1.4,1024,680,True,nenda__Britney_052
/Volumes/MacX/Sw/raw_videos/nenda/Britney_053.mp4,nenda,Britney_053.mp4,Britney,53,35,30.0,1.167,1024,680,True,nenda__Britney_053
/Volumes/MacX/Sw/raw_videos/nenda/Britney_054.mp4,nenda,Britney_054.mp4,Britney,54,29,30.0,0.967,1024,680,True,nenda__Britney_054
/Volumes/MacX/Sw/raw_videos/nenda/Britney_055.mp4,nenda,Britney_055.mp4,Britney,55,35,30.0,1.167,1024,680,True,nenda__Britney_055
/Volumes/MacX/Sw/raw_videos/nenda/Britney_056.mp4,nenda,Britney_056.mp4,Britney,56,35,30.0,1.167,1024,680,True,nenda__Britney_056
/Volumes/MacX/Sw/raw_videos/nenda/Britney_057.mp4,nenda,Britney_057.mp4,Britney,57,38,30.0,1.267,1024,680,True,nenda__Britney_057
/Volumes/MacX/Sw/raw_videos/nenda/Britney_058.mp4,nenda,Britney_058.mp4,Britney,58,34,30.0,1.133,1024,680,True,nenda__Britney_058
/Volumes/MacX/Sw/raw_videos/nenda/Britney_059.mp4,nenda,Britney_059.mp4,Britney,59,36,30.0,1.2,1024,680,True,nenda__Britney_059
/Volumes/MacX/Sw/raw_videos/nenda/Britney_060.mp4,nenda,Britney_060.mp4,Britney,60,34,30.0,1.133,1024,680,True,nenda__Britney_060
/Volumes/MacX/Sw/raw_videos/nenda/Britney_061.mp4,nenda,Britney_061.mp4,Britney,61,36,30.0,1.2,1024,680,True,nenda__Britney_061
/Volumes/MacX/Sw/raw_videos/nenda/Grace_001.mp4,nenda,Grace_001.mp4,Grace,1,38,30.0,1.267,1024,680,True,nenda__Grace_001
/Volumes/MacX/Sw/raw_videos/nenda/Grace_002.mp4,nenda,Grace_002.mp4,Grace,2,21,30.0,0.7,1024,680,True,nenda__Grace_002
/Volumes/MacX/Sw/raw_videos/nenda/Grace_003.mp4,nenda,Grace_003.mp4,Grace,3,29,30.0,0.967,1024,680,True,nenda__Grace_003
/Volumes/MacX/Sw/raw_videos/nenda/Grace_005.mp4,nenda,Grace_005.mp4,Grace,5,27,30.0,0.9,1024,680,True,nenda__Grace_005
/Volumes/MacX/Sw/raw_videos/nenda/Grace_006.mp4,nenda,Grace_006.mp4,Grace,6,20,30.0,0.667,1024,680,True,nenda__Grace_006
/Volumes/MacX/Sw/raw_videos/nenda/Grace_007.mp4,nenda,Grace_007.mp4,Grace,7,26,30.0,0.867,1024,680,True,nenda__Grace_007
/Volumes/MacX/Sw/raw_videos/nenda/Grace_008.mp4,nenda,Grace_008.mp4,Grace,8,20,30.0,0.667,1024,680,True,nenda__Grace_008
/Volumes/MacX/Sw/raw_videos/nenda/Grace_009.mp4,nenda,Grace_009.mp4,Grace,9,23,30.0,0.767,1024,680,True,nenda__Grace_009
/Volumes/MacX/Sw/raw_videos/nenda/Grace_010.mp4,nenda,Grace_010.mp4,Grace,10,24,30.0,0.8,1024,680,True,nenda__Grace_010
/Volumes/MacX/Sw/raw_videos/nenda/Grace_011.mp4,nenda,Grace_011.mp4,Grace,11,29,30.0,0.967,1024,680,True,nenda__Grace_011
/Volumes/MacX/Sw/raw_videos/nenda/Grace_012.mp4,nenda,Grace_012.mp4,Grace,12,28,30.0,0.933,1024,680,True,nenda__Grace_012
/Volumes/MacX/Sw/raw_videos/nenda/Grace_013.mp4,nenda,Grace_013.mp4,Grace,13,26,30.0,0.867,1024,680,True,nenda__Grace_013
/Volumes/MacX/Sw/raw_videos/nenda/Grace_014.mp4,nenda,Grace_014.mp4,Grace,14,25,30.0,0.833,1024,680,True,nenda__Grace_014
/Volumes/MacX/Sw/raw_videos/nenda/Grace_015.mp4,nenda,Grace_015.mp4,Grace,15,22,30.0,0.733,1024,680,True,nenda__Grace_015
/Volumes/MacX/Sw/raw_videos/nenda/Grace_016.mp4,nenda,Grace_016.mp4,Grace,16,24,30.0,0.8,1024,680,True,nenda__Grace_016
/Volumes/MacX/Sw/raw_videos/nenda/Grace_017.mp4,nenda,Grace_017.mp4,Grace,17,25,30.0,0.833,1024,680,True,nenda__Grace_017
/Volumes/MacX/Sw/raw_videos/nenda/Grace_018.mp4,nenda,Grace_018.mp4,Grace,18,27,30.0,0.9,1024,680,True,nenda__Grace_018
/Volumes/MacX/Sw/raw_videos/nenda/Grace_019.mp4,nenda,Grace_019.mp4,Grace,19,23,30.0,0.767,1024,680,True,nenda__Grace_019
/Volumes/MacX/Sw/raw_videos/nenda/Grace_020.mp4,nenda,Grace_020.mp4,Grace,20,24,30.0,0.8,1024,680,True,nenda__Grace_020
/Volumes/MacX/Sw/raw_videos/nenda/Grace_021.mp4,nenda,Grace_021.mp4,Grace,21,23,30.0,0.767,1024,680,True,nenda__Grace_021
/Volumes/MacX/Sw/raw_videos/nenda/Grace_022.mp4,nenda,Grace_022.mp4,Grace,22,31,30.0,1.033,1024,680,True,nenda__Grace_022
/Volumes/MacX/Sw/raw_videos/nenda/Grace_023.mp4,nenda,Grace_023.mp4,Grace,23,25,30.0,0.833,1024,680,True,nenda__Grace_023
/Volumes/MacX/Sw/raw_videos/nenda/Grace_024.mp4,nenda,Grace_024.mp4,Grace,24,32,30.0,1.067,1024,680,True,nenda__Grace_024
/Volumes/MacX/Sw/raw_videos/nenda/Grace_025.mp4,nenda,Grace_025.mp4,Grace,25,25,30.0,0.833,1024,680,True,nenda__Grace_025
/Volumes/MacX/Sw/raw_videos/nenda/Grace_026.mp4,nenda,Grace_026.mp4,Grace,26,28,30.0,0.933,1024,680,True,nenda__Grace_026
/Volumes/MacX/Sw/raw_videos/nenda/Grace_027.mp4,nenda,Grace_027.mp4,Grace,27,30,30.0,1.0,1024,680,True,nenda__Grace_027
/Volumes/MacX/Sw/raw_videos/nenda/Grace_028.mp4,nenda,Grace_028.mp4,Grace,28,29,30.0,0.967,1024,680,True,nenda__Grace_028
/Volumes/MacX/Sw/raw_videos/nenda/Grace_029.mp4,nenda,Grace_029.mp4,Grace,29,24,30.0,0.8,1024,680,True,nenda__Grace_029
/Volumes/MacX/Sw/raw_videos/nenda/Grace_030.mp4,nenda,Grace_030.mp4,Grace,30,23,30.0,0.767,1024,680,True,nenda__Grace_030
/Volumes/MacX/Sw/raw_videos/nenda/Grace_031.mp4,nenda,Grace_031.mp4,Grace,31,23,30.0,0.767,1024,680,True,nenda__Grace_031
/Volumes/MacX/Sw/raw_videos/nenda/Grace_032.mp4,nenda,Grace_032.mp4,Grace,32,22,30.0,0.733,1024,680,True,nenda__Grace_032
/Volumes/MacX/Sw/raw_videos/nenda/Grace_033.mp4,nenda,Grace_033.mp4,Grace,33,21,30.0,0.7,1024,680,True,nenda__Grace_033
/Volumes/MacX/Sw/raw_videos/nenda/Grace_034.mp4,nenda,Grace_034.mp4,Grace,34,20,30.0,0.667,1024,680,True,nenda__Grace_034
/Volumes/MacX/Sw/raw_videos/nenda/Grace_035.mp4,nenda,Grace_035.mp4,Grace,35,25,30.0,0.833,1024,680,True,nenda__Grace_035
/Volumes/MacX/Sw/raw_videos/nenda/Grace_036.mp4,nenda,Grace_036.mp4,Grace,36,23,30.0,0.767,1024,680,True,nenda__Grace_036
/Volumes/MacX/Sw/raw_videos/nenda/Grace_037.mp4,nenda,Grace_037.mp4,Grace,37,26,30.0,0.867,1024,680,True,nenda__Grace_037
/Volumes/MacX/Sw/raw_videos/nenda/Grace_038.mp4,nenda,Grace_038.mp4,Grace,38,34,30.0,1.133,1024,680,True,nenda__Grace_038
/Volumes/MacX/Sw/raw_videos/nenda/Grace_039.mp4,nenda,Grace_039.mp4,Grace,39,52,30.0,1.733,1024,680,True,nenda__Grace_039
/Volumes/MacX/Sw/raw_videos/nenda/Grace_040.mp4,nenda,Grace_040.mp4,Grace,40,49,30.0,1.633,1024,680,True,nenda__Grace_040
/Volumes/MacX/Sw/raw_videos/nenda/Grace_041.mp4,nenda,Grace_041.mp4,Grace,41,24,30.0,0.8,1024,680,True,nenda__Grace_041
/Volumes/MacX/Sw/raw_videos/nenda/Grace_042.mp4,nenda,Grace_042.mp4,Grace,42,29,30.0,0.967,1024,680,True,nenda__Grace_042
/Volumes/MacX/Sw/raw_videos/nenda/Grace_043.mp4,nenda,Grace_043.mp4,Grace,43,29,30.0,0.967,1024,680,True,nenda__Grace_043
/Volumes/MacX/Sw/raw_videos/nenda/Grace_044.mp4,nenda,Grace_044.mp4,Grace,44,23,30.0,0.767,1024,680,True,nenda__Grace_044
/Volumes/MacX/Sw/raw_videos/nenda/Grace_045.mp4,nenda,Grace_045.mp4,Grace,45,24,30.0,0.8,1024,680,True,nenda__Grace_045
/Volumes/MacX/Sw/raw_videos/nenda/Grace_046.mp4,nenda,Grace_046.mp4,Grace,46,32,30.0,1.067,1024,680,True,nenda__Grace_046
/Volumes/MacX/Sw/raw_videos/nenda/Grace_047.mp4,nenda,Grace_047.mp4,Grace,47,31,30.0,1.033,1024,680,True,nenda__Grace_047
/Volumes/MacX/Sw/raw_videos/nenda/Grace_048.mp4,nenda,Grace_048.mp4,Grace,48,23,30.0,0.767,1024,680,True,nenda__Grace_048
/Volumes/MacX/Sw/raw_videos/nenda/Grace_049.mp4,nenda,Grace_049.mp4,Grace,49,24,30.0,0.8,1024,680,True,nenda__Grace_049
/Volumes/MacX/Sw/raw_videos/nenda/Grace_050.mp4,nenda,Grace_050.mp4,Grace,50,39,30.0,1.3,1024,680,True,nenda__Grace_050
/Volumes/MacX/Sw/raw_videos/nenda/Grace_051.mp4,nenda,Grace_051.mp4,Grace,51,33,30.0,1.1,1024,680,True,nenda__Grace_051
/Volumes/MacX/Sw/raw_videos/nenda/Grace_052.mp4,nenda,Grace_052.mp4,Grace,52,28,30.0,0.933,1024,680,True,nenda__Grace_052
/Volumes/MacX/Sw/raw_videos/nenda/Grace_053.mp4,nenda,Grace_053.mp4,Grace,53,23,30.0,0.767,1024,680,True,nenda__Grace_053
/Volumes/MacX/Sw/raw_videos/nenda/Grace_054.mp4,nenda,Grace_054.mp4,Grace,54,27,30.0,0.9,1024,680,True,nenda__Grace_054
/Volumes/MacX/Sw/raw_videos/nenda/Grace_055.mp4,nenda,Grace_055.mp4,Grace,55,28,30.0,0.933,1024,680,True,nenda__Grace_055
/Volumes/MacX/Sw/raw_videos/nenda/Grace_056.mp4,nenda,Grace_056.mp4,Grace,56,30,30.0,1.0,1024,680,True,nenda__Grace_056
/Volumes/MacX/Sw/raw_videos/nenda/Grace_057.mp4,nenda,Grace_057.mp4,Grace,57,19,30.0,0.633,1024,680,True,nenda__Grace_057
/Volumes/MacX/Sw/raw_videos/nenda/Grace_058.mp4,nenda,Grace_058.mp4,Grace,58,26,30.0,0.867,1024,680,True,nenda__Grace_058
/Volumes/MacX/Sw/raw_videos/nenda/Grace_059.mp4,nenda,Grace_059.mp4,Grace,59,21,30.0,0.7,1024,680,True,nenda__Grace_059
/Volumes/MacX/Sw/raw_videos/nenda/Grace_060.mp4,nenda,Grace_060.mp4,Grace,60,27,30.0,0.9,1024,680,True,nenda__Grace_060
/Volumes/MacX/Sw/raw_videos/nenda/Grace_061.mp4,nenda,Grace_061.mp4,Grace,61,22,30.0,0.733,1024,680,True,nenda__Grace_061
/Volumes/MacX/Sw/raw_videos/njema/Britney_001.mp4,njema,Britney_001.mp4,Britney,1,37,30.0,1.233,1920,1080,True,njema__Britney_001
/Volumes/MacX/Sw/raw_videos/njema/Britney_002.mp4,njema,Britney_002.mp4,Britney,2,29,30.0,0.967,1920,1080,True,njema__Britney_002
/Volumes/MacX/Sw/raw_videos/njema/Britney_003.mp4,njema,Britney_003.mp4,Britney,3,27,30.0,0.9,1920,1080,True,njema__Britney_003
/Volumes/MacX/Sw/raw_videos/njema/Britney_004.mp4,njema,Britney_004.mp4,Britney,4,23,30.0,0.767,1920,1080,True,njema__Britney_004
/Volumes/MacX/Sw/raw_videos/njema/Britney_005.mp4,njema,Britney_005.mp4,Britney,5,29,30.0,0.967,1920,1080,True,njema__Britney_005
/Volumes/MacX/Sw/raw_videos/njema/Britney_006.mp4,njema,Britney_006.mp4,Britney,6,16,30.0,0.533,1920,1080,True,njema__Britney_006
/Volumes/MacX/Sw/raw_videos/njema/Britney_007.mp4,njema,Britney_007.mp4,Britney,7,18,30.0,0.6,1920,1080,True,njema__Britney_007
/Volumes/MacX/Sw/raw_videos/njema/Britney_008.mp4,njema,Britney_008.mp4,Britney,8,21,30.0,0.7,1920,1080,True,njema__Britney_008
/Volumes/MacX/Sw/raw_videos/njema/Britney_009.mp4,njema,Britney_009.mp4,Britney,9,20,30.0,0.667,1920,1080,True,njema__Britney_009
/Volumes/MacX/Sw/raw_videos/njema/Britney_010.mp4,njema,Britney_010.mp4,Britney,10,26,30.0,0.867,1920,1080,True,njema__Britney_010
/Volumes/MacX/Sw/raw_videos/njema/Britney_011.mp4,njema,Britney_011.mp4,Britney,11,25,30.0,0.833,1920,1080,True,njema__Britney_011
/Volumes/MacX/Sw/raw_videos/njema/Britney_012.mp4,njema,Britney_012.mp4,Britney,12,27,30.0,0.9,1920,1080,True,njema__Britney_012
/Volumes/MacX/Sw/raw_videos/njema/Britney_013.mp4,njema,Britney_013.mp4,Britney,13,21,30.0,0.7,1920,1080,True,njema__Britney_013
/Volumes/MacX/Sw/raw_videos/njema/Britney_014.mp4,njema,Britney_014.mp4,Britney,14,23,30.0,0.767,1920,1080,True,njema__Britney_014
/Volumes/MacX/Sw/raw_videos/njema/Britney_015.mp4,njema,Britney_015.mp4,Britney,15,24,30.0,0.8,1920,1080,True,njema__Britney_015
/Volumes/MacX/Sw/raw_videos/njema/Britney_016.mp4,njema,Britney_016.mp4,Britney,16,22,30.0,0.733,1920,1080,True,njema__Britney_016
/Volumes/MacX/Sw/raw_videos/njema/Britney_017.mp4,njema,Britney_017.mp4,Britney,17,21,30.0,0.7,1920,1080,True,njema__Britney_017
/Volumes/MacX/Sw/raw_videos/njema/Britney_018.mp4,njema,Britney_018.mp4,Britney,18,27,30.0,0.9,1920,1080,True,njema__Britney_018
/Volumes/MacX/Sw/raw_videos/njema/Britney_019.mp4,njema,Britney_019.mp4,Britney,19,23,30.0,0.767,1920,1080,True,njema__Britney_019
/Volumes/MacX/Sw/raw_videos/njema/Britney_020.mp4,njema,Britney_020.mp4,Britney,20,24,30.0,0.8,1920,1080,True,njema__Britney_020
/Volumes/MacX/Sw/raw_videos/njema/Britney_021.mp4,njema,Britney_021.mp4,Britney,21,23,30.0,0.767,1920,1080,True,njema__Britney_021
/Volumes/MacX/Sw/raw_videos/njema/Britney_022.mp4,njema,Britney_022.mp4,Britney,22,22,30.0,0.733,1920,1080,True,njema__Britney_022
/Volumes/MacX/Sw/raw_videos/njema/Britney_023.mp4,njema,Britney_023.mp4,Britney,23,25,30.0,0.833,1920,1080,True,njema__Britney_023
/Volumes/MacX/Sw/raw_videos/njema/Britney_024.mp4,njema,Britney_024.mp4,Britney,24,25,30.0,0.833,1920,1080,True,njema__Britney_024
/Volumes/MacX/Sw/raw_videos/njema/Britney_025.mp4,njema,Britney_025.mp4,Britney,25,31,30.0,1.033,1920,1080,True,njema__Britney_025
/Volumes/MacX/Sw/raw_videos/njema/Britney_026.mp4,njema,Britney_026.mp4,Britney,26,25,30.0,0.833,1920,1080,True,njema__Britney_026
/Volumes/MacX/Sw/raw_videos/njema/Britney_027.mp4,njema,Britney_027.mp4,Britney,27,26,30.0,0.867,1920,1080,True,njema__Britney_027
/Volumes/MacX/Sw/raw_videos/njema/Britney_028.mp4,njema,Britney_028.mp4,Britney,28,20,30.0,0.667,1920,1080,True,njema__Britney_028
/Volumes/MacX/Sw/raw_videos/njema/Britney_029.mp4,njema,Britney_029.mp4,Britney,29,24,30.0,0.8,1920,1080,True,njema__Britney_029
/Volumes/MacX/Sw/raw_videos/njema/Britney_030.mp4,njema,Britney_030.mp4,Britney,30,29,30.0,0.967,1920,1080,True,njema__Britney_030
/Volumes/MacX/Sw/raw_videos/njema/Britney_031.mp4,njema,Britney_031.mp4,Britney,31,25,30.0,0.833,1920,1080,True,njema__Britney_031
/Volumes/MacX/Sw/raw_videos/njema/Britney_032.mp4,njema,Britney_032.mp4,Britney,32,26,30.0,0.867,1920,1080,True,njema__Britney_032
/Volumes/MacX/Sw/raw_videos/njema/Britney_033.mp4,njema,Britney_033.mp4,Britney,33,23,30.0,0.767,1920,1080,True,njema__Britney_033
/Volumes/MacX/Sw/raw_videos/njema/Britney_034.mp4,njema,Britney_034.mp4,Britney,34,23,30.0,0.767,1920,1080,True,njema__Britney_034
/Volumes/MacX/Sw/raw_videos/njema/Britney_035.mp4,njema,Britney_035.mp4,Britney,35,19,30.0,0.633,1920,1080,True,njema__Britney_035
/Volumes/MacX/Sw/raw_videos/njema/Britney_036.mp4,njema,Britney_036.mp4,Britney,36,21,30.0,0.7,1920,1080,True,njema__Britney_036
/Volumes/MacX/Sw/raw_videos/njema/Britney_037.mp4,njema,Britney_037.mp4,Britney,37,25,30.0,0.833,1920,1080,True,njema__Britney_037
/Volumes/MacX/Sw/raw_videos/njema/Britney_038.mp4,njema,Britney_038.mp4,Britney,38,20,30.0,0.667,1920,1080,True,njema__Britney_038
/Volumes/MacX/Sw/raw_videos/njema/Britney_039.mp4,njema,Britney_039.mp4,Britney,39,17,30.0,0.567,1920,1080,True,njema__Britney_039
/Volumes/MacX/Sw/raw_videos/njema/Britney_040.mp4,njema,Britney_040.mp4,Britney,40,18,30.0,0.6,1920,1080,True,njema__Britney_040
/Volumes/MacX/Sw/raw_videos/njema/Britney_041.mp4,njema,Britney_041.mp4,Britney,41,26,30.0,0.867,1920,1080,True,njema__Britney_041
/Volumes/MacX/Sw/raw_videos/njema/Britney_042.mp4,njema,Britney_042.mp4,Britney,42,17,30.0,0.567,1920,1080,True,njema__Britney_042
/Volumes/MacX/Sw/raw_videos/njema/Britney_043.mp4,njema,Britney_043.mp4,Britney,43,23,30.0,0.767,1920,1080,True,njema__Britney_043
/Volumes/MacX/Sw/raw_videos/njema/Britney_044.mp4,njema,Britney_044.mp4,Britney,44,20,30.0,0.667,1920,1080,True,njema__Britney_044
/Volumes/MacX/Sw/raw_videos/njema/Britney_045.mp4,njema,Britney_045.mp4,Britney,45,16,30.0,0.533,1920,1080,True,njema__Britney_045
/Volumes/MacX/Sw/raw_videos/njema/Britney_046.mp4,njema,Britney_046.mp4,Britney,46,15,30.0,0.5,1920,1080,True,njema__Britney_046
/Volumes/MacX/Sw/raw_videos/njema/Britney_047.mp4,njema,Britney_047.mp4,Britney,47,18,30.0,0.6,1920,1080,True,njema__Britney_047
/Volumes/MacX/Sw/raw_videos/njema/Britney_048.mp4,njema,Britney_048.mp4,Britney,48,21,30.0,0.7,1920,1080,True,njema__Britney_048
/Volumes/MacX/Sw/raw_videos/njema/Britney_049.mp4,njema,Britney_049.mp4,Britney,49,20,30.0,0.667,1920,1080,True,njema__Britney_049
/Volumes/MacX/Sw/raw_videos/njema/Britney_051.mp4,njema,Britney_051.mp4,Britney,51,28,30.0,0.933,1024,680,True,njema__Britney_051
/Volumes/MacX/Sw/raw_videos/njema/Britney_052.mp4,njema,Britney_052.mp4,Britney,52,21,30.0,0.7,1024,680,True,njema__Britney_052
/Volumes/MacX/Sw/raw_videos/njema/Britney_053.mp4,njema,Britney_053.mp4,Britney,53,20,30.0,0.667,1024,680,True,njema__Britney_053
/Volumes/MacX/Sw/raw_videos/njema/Britney_054.mp4,njema,Britney_054.mp4,Britney,54,21,30.0,0.7,1024,680,True,njema__Britney_054
/Volumes/MacX/Sw/raw_videos/njema/Britney_055.mp4,njema,Britney_055.mp4,Britney,55,20,30.0,0.667,1024,680,True,njema__Britney_055
/Volumes/MacX/Sw/raw_videos/njema/Britney_056.mp4,njema,Britney_056.mp4,Britney,56,25,30.0,0.833,1024,680,True,njema__Britney_056
/Volumes/MacX/Sw/raw_videos/njema/Britney_057.mp4,njema,Britney_057.mp4,Britney,57,20,30.0,0.667,1024,680,True,njema__Britney_057
/Volumes/MacX/Sw/raw_videos/njema/Britney_058.mp4,njema,Britney_058.mp4,Britney,58,21,30.0,0.7,1024,680,True,njema__Britney_058
/Volumes/MacX/Sw/raw_videos/njema/Britney_059.mp4,njema,Britney_059.mp4,Britney,59,21,30.0,0.7,1024,680,True,njema__Britney_059
/Volumes/MacX/Sw/raw_videos/njema/Britney_060.mp4,njema,Britney_060.mp4,Britney,60,28,30.0,0.933,1024,680,True,njema__Britney_060
/Volumes/MacX/Sw/raw_videos/njema/Grace_001.mp4,njema,Grace_001.mp4,Grace,1,30,30.0,1.0,1920,1080,True,njema__Grace_001
/Volumes/MacX/Sw/raw_videos/njema/Grace_002.mp4,njema,Grace_002.mp4,Grace,2,19,30.0,0.633,1920,1080,True,njema__Grace_002
/Volumes/MacX/Sw/raw_videos/njema/Grace_003.mp4,njema,Grace_003.mp4,Grace,3,34,30.0,1.133,1920,1080,True,njema__Grace_003
/Volumes/MacX/Sw/raw_videos/njema/Grace_004.mp4,njema,Grace_004.mp4,Grace,4,28,30.0,0.933,1920,1080,True,njema__Grace_004
/Volumes/MacX/Sw/raw_videos/njema/Grace_005.mp4,njema,Grace_005.mp4,Grace,5,21,30.0,0.7,1920,1080,True,njema__Grace_005
/Volumes/MacX/Sw/raw_videos/njema/Grace_006.mp4,njema,Grace_006.mp4,Grace,6,23,30.0,0.767,1920,1080,True,njema__Grace_006
/Volumes/MacX/Sw/raw_videos/njema/Grace_007.mp4,njema,Grace_007.mp4,Grace,7,28,30.0,0.933,1920,1080,True,njema__Grace_007
/Volumes/MacX/Sw/raw_videos/njema/Grace_008.mp4,njema,Grace_008.mp4,Grace,8,16,30.0,0.533,1920,1080,True,njema__Grace_008
/Volumes/MacX/Sw/raw_videos/njema/Grace_009.mp4,njema,Grace_009.mp4,Grace,9,19,30.0,0.633,1920,1080,True,njema__Grace_009
/Volumes/MacX/Sw/raw_videos/njema/Grace_010.mp4,njema,Grace_010.mp4,Grace,10,29,30.0,0.967,1920,1080,True,njema__Grace_010
/Volumes/MacX/Sw/raw_videos/njema/Grace_011.mp4,njema,Grace_011.mp4,Grace,11,17,30.0,0.567,1920,1080,True,njema__Grace_011
/Volumes/MacX/Sw/raw_videos/njema/Grace_012.mp4,njema,Grace_012.mp4,Grace,12,33,30.0,1.1,1920,1080,True,njema__Grace_012
/Volumes/MacX/Sw/raw_videos/njema/Grace_013.mp4,njema,Grace_013.mp4,Grace,13,20,30.0,0.667,1920,1080,True,njema__Grace_013
/Volumes/MacX/Sw/raw_videos/njema/Grace_014.mp4,njema,Grace_014.mp4,Grace,14,27,30.0,0.9,1920,1080,True,njema__Grace_014
/Volumes/MacX/Sw/raw_videos/njema/Grace_015.mp4,njema,Grace_015.mp4,Grace,15,29,30.0,0.967,1920,1080,True,njema__Grace_015
/Volumes/MacX/Sw/raw_videos/njema/Grace_016.mp4,njema,Grace_016.mp4,Grace,16,40,30.0,1.333,1920,1080,True,njema__Grace_016
/Volumes/MacX/Sw/raw_videos/njema/Grace_017.mp4,njema,Grace_017.mp4,Grace,17,36,30.0,1.2,1920,1080,True,njema__Grace_017
/Volumes/MacX/Sw/raw_videos/njema/Grace_018.mp4,njema,Grace_018.mp4,Grace,18,17,30.0,0.567,1920,1080,True,njema__Grace_018
/Volumes/MacX/Sw/raw_videos/njema/Grace_019.mp4,njema,Grace_019.mp4,Grace,19,23,30.0,0.767,1920,1080,True,njema__Grace_019
/Volumes/MacX/Sw/raw_videos/njema/Grace_020.mp4,njema,Grace_020.mp4,Grace,20,28,30.0,0.933,1920,1080,True,njema__Grace_020
/Volumes/MacX/Sw/raw_videos/njema/Grace_021.mp4,njema,Grace_021.mp4,Grace,21,24,30.0,0.8,1920,1080,True,njema__Grace_021
/Volumes/MacX/Sw/raw_videos/njema/Grace_022.mp4,njema,Grace_022.mp4,Grace,22,28,30.0,0.933,1920,1080,True,njema__Grace_022
/Volumes/MacX/Sw/raw_videos/njema/Grace_023.mp4,njema,Grace_023.mp4,Grace,23,28,30.0,0.933,1920,1080,True,njema__Grace_023
/Volumes/MacX/Sw/raw_videos/njema/Grace_024.mp4,njema,Grace_024.mp4,Grace,24,29,30.0,0.967,1920,1080,True,njema__Grace_024
/Volumes/MacX/Sw/raw_videos/njema/Grace_025.mp4,njema,Grace_025.mp4,Grace,25,24,30.0,0.8,1920,1080,True,njema__Grace_025
/Volumes/MacX/Sw/raw_videos/njema/Grace_026.mp4,njema,Grace_026.mp4,Grace,26,26,30.0,0.867,1920,1080,True,njema__Grace_026
/Volumes/MacX/Sw/raw_videos/njema/Grace_027.mp4,njema,Grace_027.mp4,Grace,27,38,30.0,1.267,1920,1080,True,njema__Grace_027
/Volumes/MacX/Sw/raw_videos/njema/Grace_028.mp4,njema,Grace_028.mp4,Grace,28,33,30.0,1.1,1920,1080,True,njema__Grace_028
/Volumes/MacX/Sw/raw_videos/njema/Grace_029.mp4,njema,Grace_029.mp4,Grace,29,42,30.0,1.4,1920,1080,True,njema__Grace_029
/Volumes/MacX/Sw/raw_videos/njema/Grace_030.mp4,njema,Grace_030.mp4,Grace,30,39,30.0,1.3,1920,1080,True,njema__Grace_030
/Volumes/MacX/Sw/raw_videos/njema/Grace_031.mp4,njema,Grace_031.mp4,Grace,31,58,30.0,1.933,1920,1080,True,njema__Grace_031
/Volumes/MacX/Sw/raw_videos/njema/Grace_032.mp4,njema,Grace_032.mp4,Grace,32,29,30.0,0.967,1920,1080,True,njema__Grace_032
/Volumes/MacX/Sw/raw_videos/njema/Grace_033.mp4,njema,Grace_033.mp4,Grace,33,20,30.0,0.667,1920,1080,True,njema__Grace_033
/Volumes/MacX/Sw/raw_videos/njema/Grace_034.mp4,njema,Grace_034.mp4,Grace,34,24,30.0,0.8,1920,1080,True,njema__Grace_034
/Volumes/MacX/Sw/raw_videos/njema/Grace_035.mp4,njema,Grace_035.mp4,Grace,35,19,30.0,0.633,1920,1080,True,njema__Grace_035
/Volumes/MacX/Sw/raw_videos/njema/Grace_036.mp4,njema,Grace_036.mp4,Grace,36,19,30.0,0.633,1920,1080,True,njema__Grace_036
/Volumes/MacX/Sw/raw_videos/njema/Grace_037.mp4,njema,Grace_037.mp4,Grace,37,21,30.0,0.7,1920,1080,True,njema__Grace_037
/Volumes/MacX/Sw/raw_videos/njema/Grace_038.mp4,njema,Grace_038.mp4,Grace,38,25,30.0,0.833,1920,1080,True,njema__Grace_038
/Volumes/MacX/Sw/raw_videos/njema/Grace_039.mp4,njema,Grace_039.mp4,Grace,39,25,30.0,0.833,1920,1080,True,njema__Grace_039
/Volumes/MacX/Sw/raw_videos/njema/Grace_040.mp4,njema,Grace_040.mp4,Grace,40,19,30.0,0.633,1920,1080,True,njema__Grace_040
/Volumes/MacX/Sw/raw_videos/njema/Grace_041.mp4,njema,Grace_041.mp4,Grace,41,22,30.0,0.733,1920,1080,True,njema__Grace_041
/Volumes/MacX/Sw/raw_videos/njema/Grace_042.mp4,njema,Grace_042.mp4,Grace,42,23,30.0,0.767,1920,1080,True,njema__Grace_042
/Volumes/MacX/Sw/raw_videos/njema/Grace_043.mp4,njema,Grace_043.mp4,Grace,43,19,30.0,0.633,1920,1080,True,njema__Grace_043
/Volumes/MacX/Sw/raw_videos/njema/Grace_044.mp4,njema,Grace_044.mp4,Grace,44,24,30.0,0.8,1920,1080,True,njema__Grace_044
/Volumes/MacX/Sw/raw_videos/njema/Grace_045.mp4,njema,Grace_045.mp4,Grace,45,20,30.0,0.667,1920,1080,True,njema__Grace_045
/Volumes/MacX/Sw/raw_videos/njema/Grace_046.mp4,njema,Grace_046.mp4,Grace,46,18,30.0,0.6,1920,1080,True,njema__Grace_046
/Volumes/MacX/Sw/raw_videos/njema/Grace_047.mp4,njema,Grace_047.mp4,Grace,47,17,30.0,0.567,1920,1080,True,njema__Grace_047
/Volumes/MacX/Sw/raw_videos/njema/Grace_048.mp4,njema,Grace_048.mp4,Grace,48,24,30.0,0.8,1920,1080,True,njema__Grace_048
/Volumes/MacX/Sw/raw_videos/njema/Grace_049.mp4,njema,Grace_049.mp4,Grace,49,20,30.0,0.667,1920,1080,True,njema__Grace_049
/Volumes/MacX/Sw/raw_videos/njema/Grace_050.mp4,njema,Grace_050.mp4,Grace,50,22,30.0,0.733,1920,1080,True,njema__Grace_050
/Volumes/MacX/Sw/raw_videos/njema/Grace_051.mp4,njema,Grace_051.mp4,Grace,51,25,30.0,0.833,1920,1080,True,njema__Grace_051
/Volumes/MacX/Sw/raw_videos/njema/Grace_052.mp4,njema,Grace_052.mp4,Grace,52,20,30.0,0.667,1920,1080,True,njema__Grace_052
/Volumes/MacX/Sw/raw_videos/njema/Grace_053.mp4,njema,Grace_053.mp4,Grace,53,29,30.0,0.967,1920,1080,True,njema__Grace_053
/Volumes/MacX/Sw/raw_videos/njema/Grace_054.mp4,njema,Grace_054.mp4,Grace,54,20,30.0,0.667,1920,1080,True,njema__Grace_054
/Volumes/MacX/Sw/raw_videos/njema/Grace_055.mp4,njema,Grace_055.mp4,Grace,55,21,30.0,0.7,1920,1080,True,njema__Grace_055
/Volumes/MacX/Sw/raw_videos/njema/Grace_056.mp4,njema,Grace_056.mp4,Grace,56,17,30.0,0.567,1920,1080,True,njema__Grace_056
/Volumes/MacX/Sw/raw_videos/njema/Grace_057.mp4,njema,Grace_057.mp4,Grace,57,16,30.0,0.533,1920,1080,True,njema__Grace_057
/Volumes/MacX/Sw/raw_videos/njema/Grace_058.mp4,njema,Grace_058.mp4,Grace,58,17,30.0,0.567,1920,1080,True,njema__Grace_058
/Volumes/MacX/Sw/raw_videos/njema/Grace_059.mp4,njema,Grace_059.mp4,Grace,59,19,30.0,0.633,1920,1080,True,njema__Grace_059
/Volumes/MacX/Sw/raw_videos/njema/Grace_060.mp4,njema,Grace_060.mp4,Grace,60,17,30.0,0.567,1920,1080,True,njema__Grace_060
